id,web_name,first_name,second_name,element_type,team,now_cost,points_per_game,value_season,selected_by_percent,form,bps,status,chance_of_playing_next_round,news,position,team_name,draft_rank,ppg,var,my_rank,my_rank_position,tier,tier_position
381,M.Salah,Mohamed,Salah,3,12,145,9.1,23.7,56,0,1133,a,,,MID,Liverpool,1,,999,1,,,
430,Haaland,Erling,Haaland,4,13,140,5.8,12.9,18.2,0,795,a,,,FWD,Man City,2,,998,2,,,
499,Isak,Alexander,Isak,4,15,105,6.2,20.1,32.8,0,848,a,,,FWD,Newcastle,3,,995,3,,,
235,Palmer,Cole,Palmer,3,7,105,5.8,20.4,51.3,0,952,a,,,MID,Chelsea,4,,997,4,,,
16,Saka,Bukayo,Saka,3,1,100,5.1,12.7,16.9,0,508,a,,,MID,Arsenal,5,,996,5,,,
449,B.Fernandes,Bruno,Borges Fernandes,3,14,90,4.8,19.3,10.9,0,810,a,,,MID,Man Utd,6,,994,6,,,
64,Watkins,Ollie,Watkins,4,2,90,4.9,20.7,10.7,0,631,a,,,FWD,Aston Villa,7,,993,7,,,
666,Gy√∂keres,Viktor,Gy√∂keres,4,1,90,0,0,20.5,0,0,a,,,FWD,Arsenal,8,,992,8,,,
382,Wirtz,Florian,Wirtz,3,12,85,0,0,34.6,0,0,a,,,MID,Liverpool,9,,991,9,,,
413,Marmoush,Omar,Marmoush,3,13,85,4.6,8.6,15.1,0,326,a,,,MID,Man City,10,,990,10,,,
661,Ekitik√©,Hugo,Ekitik√©,4,12,85,0,0,4.6,0,0,a,,,FWD,Liverpool,11,,989,11,,,
579,Son,Son,Heung-min,3,18,85,4.3,15.2,3.1,0,543,a,,,MID,Spurs,12,,988,12,,,
17,√òdegaard,Martin,√òdegaard,3,1,80,3.9,14.5,3.2,0,529,a,,,MID,Arsenal,13,,987,13,,,
119,Mbeumo,Bryan,Mbeumo,3,14,80,6.2,29.5,18.1,0,948,a,,,MID,Man Utd,14,,986,14,,,
624,Bowen,Jarrod,Bowen,4,19,80,5.7,24.1,19.4,0,678,a,,,FWD,West Ham,15,,985,15,,,
414,Foden,Phil,Foden,3,13,80,3.8,13.1,3.4,0,454,a,,,MID,Man City,16,,984,16,,,
450,Cunha,Matheus,Santos Carneiro da Cunha,3,14,80,5.4,22.2,12,0,838,a,,,MID,Man Utd,17,,983,17,,,
383,Luis D√≠az,Luis,D√≠az Marulanda,3,12,80,5.1,22.9,1.9,0,634,u,0,Has joined Bayern Munch permanently.,MID,Liverpool,18,,982,18,,,
669,äeöko,Benjamin,äeöko,4,14,75,0,0,0,0,0,a,,,FWD,Man Utd,19,,981,19,,,
596,Solanke,Dominic,Solanke-Mitchell,4,18,75,4,14.4,15.8,0,404,a,,,FWD,Spurs,20,,980,20,,,
384,Gakpo,Cody,Gakpo,3,12,75,3.6,16.9,2.1,0,572,a,,,MID,Liverpool,21,,979,21,,,
266,Eze,Eberechi,Eze,3,8,75,4.4,19.7,8.7,0,605,a,,,MID,Crystal Palace,22,,978,22,,,
525,Wood,Chris,Wood,4,16,75,5.6,26.7,15,0,744,a,,,FWD,Nott'm Forest,23,,977,23,,,
283,Mateta,Jean-Philippe,Mateta,4,8,75,4.1,20,5.7,0,576,a,,,FWD,Crystal Palace,24,,976,24,,,
485,Gordon,Anthony,Gordon,3,15,75,3.6,16.5,2.9,0,476,a,,,MID,Newcastle,25,,975,25,,,
515,Gibbs-White,Morgan,Gibbs-White,3,16,75,4.5,20.5,4.5,0,594,a,,,MID,Nott'm Forest,26,,974,26,,,
135,Wissa,Yoane,Wissa,4,5,75,5.3,24.7,8,0,739,a,,,FWD,Brentford,27,,973,27,,,
30,Havertz,Kai,Havertz,4,1,75,4.2,12.9,1.6,0,343,a,,,FWD,Arsenal,28,,972,28,,,
249,Jo√£o Pedro,Jo√£o Pedro,Junqueira de Jesus,4,7,75,4.7,16.8,55.7,0,516,a,,,FWD,Chelsea,29,,971,29,,,
415,Savinho,S√°vio,Moreira de Oliveira,3,13,70,3.7,15.1,2,0,442,a,,,MID,Man City,30,,970,30,,,
19,Martinelli,Gabriel,Martinelli Silva,3,1,70,3.8,17.9,1.4,0,422,a,,,MID,Arsenal,31,,969,31,,,
580,Johnson,Brennan,Johnson,3,18,70,4.2,19.6,3.1,0,461,a,,,MID,Spurs,32,,968,32,,,
20,Trossard,Leandro,Trossard,3,1,70,4,21.7,1.6,0,561,a,,,MID,Arsenal,33,,967,33,,,
486,Elanga,Anthony,Elanga,3,15,70,4,21.9,10.6,0,535,a,,,MID,Newcastle,34,,966,34,,,
47,Rogers,Morgan,Rogers,3,2,70,4.4,23,23.5,0,534,a,,,MID,Aston Villa,35,,965,35,,,
97,Evanilson,Francisco Evanilson,de Lima Barbosa,4,4,70,4.1,18.3,2.6,0,487,a,,,FWD,Bournemouth,36,,964,36,,,
236,Neto,Pedro,Lomba Neto,3,7,70,3,14.9,4.8,0,434,a,,,MID,Chelsea,37,,963,37,,,
581,Maddison,James,Maddison,3,18,70,4.3,19,3.3,0,592,a,,,MID,Spurs,38,,962,38,,,
120,Schade,Kevin,Schade,3,5,70,3.9,21.3,2.2,0,498,a,,,MID,Brentford,39,,961,39,,,
451,Rashford,Marcus,Rashford,3,14,70,3.8,13.6,0.7,0,333,u,0,Has joined Barcelona on loan for the rest of the season,MID,Man Utd,40,,960,40,,,
81,Kluivert,Justin,Kluivert,3,4,70,4.6,22.6,5.1,0,532,a,,,MID,Bournemouth,41,,959,41,,,
82,Semenyo,Antoine,Semenyo,3,4,70,4.5,23.6,5.4,0,571,a,,,MID,Bournemouth,42,,958,42,,,
18,Madueke,Noni,Madueke,3,1,70,3.8,17.1,1.9,0,425,a,,,MID,Arsenal,43,,957,43,,,
488,Bruno G.,Bruno,Guimar√£es Rodriguez Moura,3,15,65,3.6,20.8,1.4,0,661,a,,,MID,Newcastle,44,,956,44,,,
324,Iwobi,Alex,Iwobi,3,10,65,4.1,24,1.4,0,704,a,,,MID,Fulham,45,,955,45,,,
487,Barnes,Harvey,Barnes,3,15,65,3.9,20,0.5,0,442,a,,,MID,Newcastle,46,,954,46,,,
582,Kudus,Mohammed,Kudus,3,18,65,3.3,16.3,27,0,373,a,,,MID,Spurs,47,,953,47,,,
583,Kulusevski,Dejan,Kulusevski,3,18,65,3.7,18,0,0,426,i,0,Knee injury - Unknown return date,MID,Spurs,48,,952,48,,,
386,Mac Allister,Alexis,Mac Allister,3,12,65,3.5,18.8,1.5,0,578,a,,,MID,Liverpool,49,,951,49,,,
421,Rodrigo,Rodrigo 'Rodri',Hernandez Cascante,3,13,65,1,0.5,1.7,0,21,a,,,MID,Man City,50,,950,50,,,
387,Szoboszlai,Dominik,Szoboszlai,3,12,65,4,22,1.7,0,605,a,,,MID,Liverpool,51,,949,51,,,
267,Sarr,Isma√Øla,Sarr,3,8,65,3.9,22.9,2,0,542,a,,,MID,Crystal Palace,52,,948,52,,,
299,Ndiaye,Iliman,Ndiaye,3,9,65,3.5,17.5,11.6,0,552,a,,,MID,Everton,53,,947,53,,,
337,Ra√∫l,Ra√∫l,Jim√©nez Rodr√≠guez,4,10,65,3.9,22.6,2.3,0,539,a,,,FWD,Fulham,54,,946,54,,,
21,Rice,Declan,Rice,3,1,65,3.6,19.5,7.4,0,627,a,,,MID,Arsenal,55,,945,55,,,
417,Cherki,Rayan,Cherki,3,13,65,0,0,10.4,0,0,a,,,MID,Man City,56,,944,56,,,
419,Grealish,Jack,Grealish,3,13,65,1.9,5.8,0.1,0,187,a,,,MID,Man City,57,,943,57,,,
157,Mitoma,Mitoma,Kaoru,3,6,65,4,22.3,5.8,0,536,a,,,MID,Brighton,58,,942,58,,,
239,Gittens,Jamie,Bynoe-Gittens,3,7,65,0,0,0.4,0,0,a,,,MID,Chelsea,59,,941,59,,,
453,Garnacho,Alejandro,Garnacho Ferreyra,3,14,65,2.9,16.3,0.2,0,370,a,,,MID,Man Utd,60,,940,60,,,
465,H√∏jlund,Rasmus,H√∏jlund,4,14,65,2.4,12,0.9,0,246,a,,,FWD,Man Utd,61,,939,61,,,
597,Richarlison,Richarlison,de Andrade,4,18,65,2.3,5.4,0.9,0,138,a,,,FWD,Spurs,62,,938,62,,,
452,Amad,Amad,Diallo,3,14,65,5,19.8,3.4,0,569,a,,,MID,Man Utd,63,,937,63,,,
385,Chiesa,Federico,Chiesa,3,12,65,1.2,1.1,0.1,0,16,a,,,MID,Liverpool,64,,936,64,,,
237,Enzo,Enzo,Fern√°ndez,3,7,65,3.8,20.8,4.4,0,691,a,,,MID,Chelsea,65,,935,65,,,
238,Est√™v√£o,Est√™v√£o,Almeida de Oliveira Gon√ßalves,3,7,65,0,0,0.5,0,0,a,,,MID,Chelsea,66,,934,66,,,
178,Welbeck,Danny,Welbeck,4,6,65,4.2,19.2,7.9,0,484,a,,,FWD,Brighton,67,,933,67,,,
584,Tel,Mathys,Tel,3,18,65,3.2,6.5,0.2,0,151,a,,,MID,Spurs,68,,932,68,,,
416,Bernardo,Bernardo,Mota Veiga de Carvalho e Silva,3,13,65,3.3,16.9,0.6,0,568,a,,,MID,Man City,69,,931,69,,,
31,G.Jesus,Gabriel,Fernando de Jesus,4,1,65,2.5,6.5,0,0,152,i,0,Knee injury - Unknown return date,FWD,Arsenal,70,,930,70,,,
654,Strand Larsen,J√∏rgen,Strand Larsen,4,20,65,4.1,22.3,6,0,570,a,,,FWD,Wolves,71,,929,71,,,
489,J.Murphy,Jacob,Murphy,3,15,65,4.5,24.5,2.9,0,601,a,,,MID,Newcastle,72,,928,72,,,
420,G√ºndoƒüan,ƒ∞lkay,G√ºndoƒüan,3,13,65,2.9,14.9,0.1,0,460,a,,,MID,Man City,73,,927,73,,,
418,Doku,J√©r√©my,Doku,3,13,65,3,13.5,1.3,0,425,a,,,MID,Man City,74,,926,74,,,
251,N.Jackson,Nicolas,Jackson,4,7,65,4,18.6,0.1,0,417,s,0,Suspended until 22 Aug,FWD,Chelsea,75,,925,75,,,
250,Delap,Liam,Delap,4,7,65,3.6,20.3,4.6,0,472,a,,,FWD,Chelsea,76,,924,76,,,
397,Darwin,Darwin,N√∫√±ez Ribeiro,4,12,65,2.2,10.2,1.7,0,244,a,,,FWD,Liverpool,77,,923,77,,,
300,McNeil,Dwight,McNeil,3,9,60,4.4,15.5,1.1,0,401,a,,,MID,Everton,78,,922,78,,,
613,Souƒçek,Tom√°≈°,Souƒçek,3,19,60,3.6,21,0.8,0,442,a,,,MID,West Ham,79,,921,79,,,
614,Ward-Prowse,James,Ward-Prowse,3,19,60,2.1,8.5,0.4,0,293,a,,,MID,West Ham,80,,920,80,,,
642,Hee Chan,Hwang,Hee-chan,3,20,60,1.8,6.2,0.2,0,130,a,,,MID,Wolves,81,,919,81,,,
516,Hudson-Odoi,Callum,Hudson-Odoi,3,16,60,3.3,17.2,2.2,0,454,a,,,MID,Nott'm Forest,82,,918,82,,,
6,Saliba,William,Saliba,2,1,60,3.7,21.7,13.5,0,564,a,,,DEF,Arsenal,83,,917,83,,,
22,Merino,Mikel,Merino Zaz√≥n,3,1,60,3.3,15.3,1,0,326,a,,,MID,Arsenal,84,,916,84,,,
159,March,Solly,March,3,6,60,0.9,1.2,0.1,0,25,a,,,MID,Brighton,85,,915,85,,,
136,Thiago,Igor Thiago,Nascimento Rodrigues,4,5,60,1.1,1.5,0.8,0,32,a,,,FWD,Brentford,86,,914,86,,,
224,Cucurella,Marc,Cucurella Saseta,2,7,60,3.7,22.2,19.7,0,533,a,,,DEF,Chelsea,87,,913,87,,,
160,Minteh,Yankuba,Minteh,3,6,60,3.2,17,0.8,0,398,a,,,MID,Brighton,88,,912,88,,,
403,Gvardiol,Jo≈°ko,Gvardiol,2,13,60,4.1,25.5,17.4,0,623,a,,,DEF,Man City,89,,911,89,,,
526,Igor Jesus,Igor Jesus,Maciel da Cruz,4,16,60,0,0,1.4,0,0,a,,,FWD,Nott'm Forest,90,,910,90,,,
612,L.Paquet√°,Lucas,Tolentino Coelho de Lima,3,19,60,2.4,13.3,0.6,0,375,a,,,MID,West Ham,91,,909,91,,,
490,Joelinton,Joelinton C√°ssio,Apolin√°rio de Lira,3,15,60,3.4,16.5,0.4,0,374,a,,,MID,Newcastle,92,,908,92,,,
48,Tielemans,Youri,Tielemans,3,2,60,3.4,20.2,1.6,0,686,a,,,MID,Aston Villa,93,,907,93,,,
371,Kerkez,Milos,Kerkez,2,12,60,3.5,22.3,12,0,550,a,,,DEF,Liverpool,94,,906,94,,,
625,F√ºllkrug,Niclas,F√ºllkrug,4,19,60,2.3,7,1.2,0,152,a,,,FWD,West Ham,95,,905,95,,,
83,O.Dango,Dango,Ouattara,3,4,60,3.5,18.5,0.3,0,432,a,,,MID,Bournemouth,96,,904,96,,,
372,Robertson,Andrew,Robertson,2,12,60,2.8,15.2,2.3,0,397,a,,,DEF,Liverpool,97,,903,97,,,
310,Barry,Thierno,Barry,4,9,60,0,0,1.5,0,0,a,,,FWD,Everton,98,,902,98,,,
466,Zirkzee,Joshua,Zirkzee,4,14,60,2,10.7,1.2,0,216,a,,,FWD,Man Utd,99,,901,99,,,
370,Frimpong,Jeremie,Frimpong,2,12,60,0,0,27.5,0,0,a,,,DEF,Liverpool,100,,900,100,,,
373,Virgil,Virgil,van Dijk,2,12,60,3.9,23.8,20.1,0,631,a,,,DEF,Liverpool,101,,899,101,,,
5,Gabriel,Gabriel,dos Santos Magalh√£es,2,1,60,4.2,19.5,25.6,0,459,a,,,DEF,Arsenal,102,,898,102,,,
325,Smith Rowe,Emile,Smith Rowe,3,10,60,3.4,19,1.2,0,449,a,,,MID,Fulham,103,,897,103,,,
422,Kovaƒçiƒá,Mateo,Kovaƒçiƒá,3,13,60,3.5,18.2,0,0,542,i,0,Achilles injury - Expected back 13 Sep,MID,Man City,104,,896,104,,,
240,Nkunku,Christopher,Nkunku,3,7,60,2.2,10,0.2,0,190,a,,,MID,Chelsea,105,,895,105,,,
158,Georginio,Georginio,Rutter,3,6,60,3.4,15.8,0.5,0,288,a,,,MID,Brighton,106,,894,106,,,
121,Damsgaard,Mikkel,Damsgaard,3,5,60,3.4,21.8,1.3,0,611,a,,,MID,Brentford,107,,893,107,,,
402,A√Øt-Nouri,Rayan,A√Øt-Nouri,2,13,60,3.4,20.8,26,0,447,a,,,DEF,Man City,108,,892,108,,,
423,N.Gonzalez,Nico,Gonz√°lez Iglesias,3,13,60,2.8,5.2,0.1,0,123,a,,,MID,Man City,109,,891,109,,,
455,Mount,Mason,Mount,3,14,60,1.5,4.2,0.1,0,74,a,,,MID,Man Utd,110,,890,110,,,
456,Sancho,Jadon,Sancho,3,14,60,2.8,14.3,0.1,0,367,a,,,MID,Man Utd,111,,889,111,,,
454,Antony,Antony,dos Santos,3,14,60,1,1.3,0.1,0,37,a,,,MID,Man Utd,112,,888,112,,,
1,Raya,David,Raya Mart√≠n,1,1,55,3.7,25.8,18.5,0,555,a,,,GKP,Arsenal,113,,887,113,,,
648,Munetsi,Marshall,Munetsi,3,20,55,3.6,9.1,0.1,0,134,a,,,MID,Wolves,114,,886,114,,,
647,Guedes,Gon√ßalo Manuel,Ganchinho Guedes,3,20,55,2.1,11.3,0.1,0,187,a,,,MID,Wolves,115,,885,115,,,
646,Gomes,Jo√£o Victor,Gomes da Silva,3,20,55,2.4,15.8,0.1,0,489,a,,,MID,Wolves,116,,884,116,,,
11,White,Benjamin,White,2,1,55,2.9,9.1,0.8,0,211,a,,,DEF,Arsenal,117,,883,117,,,
353,James,Daniel,James,3,11,55,0,0,1,0,0,a,,,MID,Leeds,118,,882,118,,,
645,Fer L√≥pez,Fer,L√≥pez Gonz√°lez,3,20,55,0,0,0.1,0,0,a,,,MID,Wolves,119,,881,119,,,
663,J.Arias,Jhon,Arias,3,20,55,0,0,1.1,0,0,a,,,MID,Wolves,120,,880,120,,,
352,Harrison,Jack,Harrison,3,11,55,2.4,14.7,0.2,0,291,a,,,MID,Leeds,121,,879,121,,,
327,Andreas,Andreas,Hoelgebaum Pereira,3,10,55,2.5,14.7,0.5,0,355,a,,,MID,Fulham,122,,878,122,,,
328,Sessegnon,Ryan,Sessegnon,3,10,55,3.6,10.4,0.2,0,137,a,,,MID,Fulham,123,,877,123,,,
329,Wilson,Harry,Wilson,3,10,55,3.1,14.2,0.4,0,329,a,,,MID,Fulham,124,,876,124,,,
201,Benson,Manuel,Benson Hedilazio,3,3,55,0,0,0,0,0,a,,,MID,Burnley,125,,875,125,,,
474,Sch√§r,Fabian,Sch√§r,2,15,55,3.5,21.5,2.1,0,440,a,,,DEF,Newcastle,126,,874,126,,,
473,Hall,Lewis,Hall,2,15,55,3.8,18.5,3.1,0,443,a,,,DEF,Newcastle,127,,873,127,,,
215,Flemming,Zian,Flemming,4,3,55,0,0,0.3,0,0,a,,,FWD,Burnley,128,,872,128,,,
200,Anthony,Jaidon,Anthony,3,3,55,0,0,0.1,0,0,a,,,MID,Burnley,129,,871,129,,,
350,Aaronson,Brenden,Aaronson,3,11,55,0,0,0.1,0,0,a,,,MID,Leeds,130,,870,130,,,
50,Buend√≠a,Emiliano,Buend√≠a Stati,3,2,55,0.9,2,0.1,0,37,a,,,MID,Aston Villa,131,,869,131,,,
51,Iling Jr,Samuel,Iling-Junior,3,2,55,0,0,0,0,0,a,,,MID,Aston Villa,132,,868,132,,,
491,Tonali,Sandro,Tonali,3,15,55,2.9,19.3,2.5,0,536,a,,,MID,Newcastle,133,,867,133,,,
560,Isidor,Wilson,Isidor,4,17,55,0,0,0.4,0,0,a,,,FWD,Sunderland,134,,866,134,,,
54,McGinn,John,McGinn,3,2,55,2.3,14.2,0.6,0,360,a,,,MID,Aston Villa,135,,865,135,,,
53,Malen,Donyell,Malen,3,2,55,2.4,6.2,1,0,112,a,,,MID,Aston Villa,136,,864,136,,,
561,Mayenda,Eliezer,Mayenda Dossou,4,17,55,0,0,0.6,0,0,a,,,FWD,Sunderland,137,,863,137,,,
527,Awoniyi,Taiwo,Awoniyi,4,16,55,1.2,5.8,0.7,0,89,a,,,FWD,Nott'm Forest,138,,862,138,,,
338,Muniz,Rodrigo,Muniz Carvalho,4,10,55,2.8,15.6,2.6,0,349,a,,,FWD,Fulham,139,,861,139,,,
49,Bailey,Leon,Bailey,3,2,55,2,8.5,0.5,0,174,a,,,MID,Aston Villa,140,,860,140,,,
52,J.Ramsey,Jacob,Ramsey,3,2,55,2.3,12,0.6,0,265,a,,,MID,Aston Villa,141,,859,141,,,
202,Bruun Larsen,Jacob,Bruun Larsen,3,3,55,0,0,0.1,0,0,a,,,MID,Burnley,142,,858,142,,,
615,Summerville,Crysencio,Summerville,3,19,55,1.7,6,0,0,129,i,0,Hamstring injury - Unknown return date,MID,West Ham,143,,857,143,,,
351,Gnonto,Wilfried,Gnonto,3,11,55,0,0,0.8,0,0,a,,,MID,Leeds,144,,856,144,,,
287,Pickford,Jordan,Pickford,1,9,55,4.2,28.7,12.9,0,593,a,,,GKP,Everton,145,,855,145,,,
290,Branthwaite,Jarrad,Branthwaite,2,9,55,2.9,16,1.9,0,420,a,,,DEF,Everton,146,,854,146,,,
291,Tarkowski,James,Tarkowski,2,9,55,3.2,19.1,4.9,0,468,a,,,DEF,Everton,147,,853,147,,,
301,Alcaraz,Carlos,Alcaraz Dur√°n,3,9,55,2.8,8,0.4,0,191,a,,,MID,Everton,148,,852,148,,,
302,Gana,Idrissa Gana,Gueye,3,9,55,2.4,16.2,0.1,0,505,a,,,MID,Everton,149,,851,149,,,
366,A.Becker,Alisson,Becker,1,12,55,4,20.4,10.4,0,451,a,,,GKP,Liverpool,150,,850,150,,,
284,Nketiah,Eddie,Nketiah,4,8,55,1.8,9.6,1.6,0,186,a,,,FWD,Crystal Palace,151,,849,151,,,
311,Beto,Norberto Bercique,Gomes Betuncal,4,9,55,2.9,15.8,14.9,0,295,a,,,FWD,Everton,152,,848,152,,,
326,Adama,Adama,Traor√© Diarra,3,10,55,2.6,17.3,0.4,0,384,a,,,MID,Fulham,153,,847,153,,,
122,Milambo,Antoni,Milambo,3,5,55,0,0,0.1,0,0,a,,,MID,Brentford,154,,846,154,,,
587,Bissouma,Yves,Bissouma,3,18,55,1.8,9.1,0.1,0,258,a,,,MID,Spurs,155,,845,155,,,
588,Odobert,Wilson,Odobert,3,18,55,2.1,6.2,0.1,0,92,a,,,MID,Spurs,156,,844,156,,,
256,Mu√±oz,Daniel,Mu√±oz Mej√≠a,2,8,55,3.8,25.8,8.8,0,480,a,,,DEF,Crystal Palace,157,,843,157,,,
241,Caicedo,Mois√©s,Caicedo Corozo,3,7,55,2.6,17.8,7.7,0,650,a,,,MID,Chelsea,158,,842,158,,,
589,Solomon,Manor,Solomon,3,18,55,0,0,0.1,0,0,a,,,MID,Spurs,159,,841,159,,,
404,Akanji,Manuel,Akanji,2,13,55,2.3,11.1,0.6,0,307,a,,,DEF,Man City,160,,840,160,,,
544,Diarra,Habib,Diarra,3,17,55,0,0,0.2,0,0,a,,,MID,Sunderland,161,,839,161,,,
543,Adingra,Simon,Adingra,3,17,55,2.1,10.9,2.9,0,207,a,,,MID,Sunderland,162,,838,162,,,
545,Roberts,Patrick,Roberts,3,17,55,0,0,0.1,0,0,a,,,MID,Sunderland,163,,837,163,,,
98,Enes √únal,Enes,√únal,4,4,55,1.9,5.8,0,0,97,i,0,Knee injury - Unknown return date,FWD,Bournemouth,164,,836,164,,,
389,Elliott,Harvey,Elliott,3,12,55,1.8,6,0.3,0,120,a,,,MID,Liverpool,165,,835,165,,,
362,Piroe,Jo√´l,Piroe,4,11,55,0,0,3.5,0,0,a,,,FWD,Leeds,166,,834,166,,,
388,C.Jones,Curtis,Jones,3,12,55,2.6,15.8,0.1,0,396,a,,,MID,Liverpool,167,,833,167,,,
457,Casemiro,Carlos Henrique,Casimiro,3,14,55,2,8.7,0.2,0,300,a,,,MID,Man Utd,168,,832,168,,,
426,McAtee,James,McAtee,3,13,55,2.1,5.6,0.1,0,102,a,,,MID,Man City,169,,831,169,,,
568,Pedro Porro,Pedro,Porro Sauceda,2,18,55,3,17.8,9.8,0,456,a,,,DEF,Spurs,170,,830,170,,,
84,Tavernier,Marcus,Tavernier,3,4,55,3,15.8,0.5,0,362,a,,,MID,Bournemouth,171,,829,171,,,
374,Konat√©,Ibrahima,Konat√©,2,12,55,3.4,19.3,2.7,0,487,a,,,DEF,Liverpool,172,,828,172,,,
399,Ederson M.,Ederson,Santana de Moraes,1,13,55,4.3,20.2,3.7,0,400,a,,,GKP,Man City,173,,827,173,,,
427,Reijnders,Tijjani,Reijnders,3,13,55,0,0,5.2,0,0,a,,,MID,Man City,174,,826,174,,,
424,Bobb,Oscar,Bobb,3,13,55,1,0.5,0.1,0,13,a,,,MID,Man City,175,,825,175,,,
425,Echeverri,Claudio,Echeverri,3,13,55,1,0.2,0.1,0,2,a,,,MID,Man City,176,,824,176,,,
585,Bentancur,Rodrigo,Bentancur,3,18,55,1.9,8.9,0.1,0,293,a,,,MID,Spurs,177,,823,177,,,
586,Bergvall,Lucas,Bergvall,3,18,55,1.6,8,0.2,0,216,a,,,MID,Spurs,178,,822,178,,,
390,Gravenberch,Ryan,Gravenberch,3,12,55,2.5,16.7,0.1,0,568,s,0,Suspended until 25 Aug,MID,Liverpool,179,,821,179,,,
179,Ferguson,Evan,Ferguson,4,6,55,1.3,5.1,0.2,0,97,u,0,Has joined AS Roma on loan for the rest of the season,FWD,Brighton,180,,820,180,,,
405,Ak√©,Nathan,Ak√©,2,13,55,2.5,4.5,0.5,0,121,a,,,DEF,Man City,181,,819,181,,,
164,O'Riley,Matt,O'Riley,3,6,55,2.4,9.1,0.2,0,209,a,,,MID,Brighton,182,,818,182,,,
161,Enciso,Julio,Enciso Esp√≠nola,3,6,55,2.4,10.7,0.2,0,224,a,,,MID,Brighton,183,,817,183,,,
407,Matheus N.,Matheus,Nunes,2,13,55,3.1,14.7,0.6,0,373,a,,,DEF,Man City,184,,816,184,,,
406,Khusanov,Abdukodir,Khusanov,2,13,55,2.3,2.5,0.3,0,78,a,,,DEF,Man City,185,,815,185,,,
180,Tzimas,Stefanos,Tzimas,4,6,55,0,0,0.1,0,0,a,,,FWD,Brighton,186,,814,186,,,
409,Stones,John,Stones,2,13,55,2.6,5.3,0.4,0,92,a,,,DEF,Man City,187,,813,187,,,
165,Sima,Abdallah,Sima,3,6,55,0,0,0,0,0,a,,,MID,Brighton,188,,812,188,,,
225,James,Reece,James,2,7,55,2.8,9.8,4.7,0,223,a,,,DEF,Chelsea,189,,811,189,,,
408,R√∫ben,R√∫ben,dos Santos Gato Alves Dias,2,13,55,3.3,16.4,2.2,0,410,a,,,DEF,Man City,190,,810,190,,,
163,Hinshelwood,Jack,Hinshelwood,3,6,55,3.4,16.2,0.2,0,404,a,,,MID,Brighton,191,,809,191,,,
162,Gruda,Brajan,Gruda,3,6,55,2.1,8.2,0.1,0,176,a,,,MID,Brighton,192,,808,192,,,
23,F√°bio Vieira,F√°bio,Ferreira Vieira,3,1,55,0,0,0.1,0,0,a,,,MID,Arsenal,193,,807,193,,,
24,N√∏rgaard,Christian,N√∏rgaard,3,1,55,3.1,19.5,0.7,0,580,a,,,MID,Arsenal,194,,806,194,,,
25,Nwaneri,Ethan,Nwaneri,3,1,55,2.5,12,0.5,0,251,a,,,MID,Arsenal,195,,805,195,,,
26,Zubimendi,Mart√≠n,Zubimendi Ib√°√±ez,3,1,55,0,0,1.9,0,0,a,,,MID,Arsenal,196,,804,196,,,
643,Andr√©,Andr√©,Trindade da Costa Neto,3,20,55,1.8,11.1,0.1,0,436,a,,,MID,Wolves,197,,803,197,,,
644,Bellegarde,Jean-Ricner,Bellegarde,3,20,55,2.6,16.4,0.1,0,332,a,,,MID,Wolves,198,,802,198,,,
9,Kiwior,Jakub,Kiwior,2,1,55,2.5,7.8,0.1,0,178,a,,,DEF,Arsenal,199,,801,199,,,
8,J.Timber,Jurri√´n,Timber,2,1,55,3.8,20.7,2.4,0,426,a,,,DEF,Arsenal,200,,800,200,,,
7,Calafiori,Riccardo,Calafiori,2,1,55,2.1,7.1,0.6,0,142,a,,,DEF,Arsenal,201,,799,201,,,
517,Anderson,Elliot,Anderson,3,16,55,2.9,19.5,2.9,0,526,a,,,MID,Nott'm Forest,202,,798,202,,,
518,Jota,Jo√£o Pedro,Ferreira da Silva,3,16,55,1.7,9.5,0.1,0,212,a,,,MID,Nott'm Forest,203,,797,203,,,
506,Murillo,Murillo,Costa dos Santos,2,16,55,3.6,23.6,3.8,0,541,a,,,DEF,Nott'm Forest,204,,796,204,,,
662,Mosquera,Cristhian,Mosquera,2,1,55,0,0,0.1,0,0,a,,,DEF,Arsenal,205,,795,205,,,
505,Milenkoviƒá,Nikola,Milenkoviƒá,2,16,55,3.9,26.4,7.4,0,499,a,,,DEF,Nott'm Forest,206,,794,206,,,
500,Osula,William,Osula,4,15,55,1.4,3.5,0.2,0,59,a,,,FWD,Newcastle,207,,793,207,,,
10,Lewis-Skelly,Myles,Lewis-Skelly,2,1,55,1.6,6.7,6,0,237,a,,,DEF,Arsenal,208,,792,208,,,
502,Sels,Matz,Sels,1,16,50,3.9,30,17.8,0,521,a,,,GKP,Nott'm Forest,209,,791,209,,,
32,Martinez,Emiliano,Mart√≠nez Romero,1,2,50,3,22.2,0.5,0,457,s,0,Suspended until 23 Aug,GKP,Aston Villa,210,,790,210,,,
507,Aina,Ola,Aina,2,16,50,3.7,25.6,18.5,0,483,a,,,DEF,Nott'm Forest,211,,789,211,,,
508,N.Williams,Neco,Williams,2,16,50,3.1,21.8,2.2,0,435,a,,,DEF,Nott'm Forest,212,,788,212,,,
656,Kalajd≈æiƒá,Sa≈°a,Kalajd≈æiƒá,4,20,50,0,0,0.2,0,0,a,,,FWD,Wolves,213,,787,213,,,
169,Gomez,Diego,G√≥mez Amarilla,3,6,50,1.9,6,0.1,0,130,a,,,MID,Brighton,214,,786,214,,,
170,Milner,James,Milner,3,6,50,1.5,1.2,0.1,0,27,a,,,MID,Brighton,215,,785,215,,,
171,Sarmiento,Jeremy,Sarmiento Morante,3,6,50,1,0.2,0.1,0,3,a,,,MID,Brighton,216,,784,216,,,
172,Watson,Tom,Watson,3,6,50,0,0,0.1,0,0,a,,,MID,Brighton,217,,783,217,,,
173,Wieffer,Mats,Wieffer,3,6,50,2.1,10.4,0.1,0,243,a,,,MID,Brighton,218,,782,218,,,
174,Yalcouye,Malick,Yalcouy√©,3,6,50,0,0,0.1,0,0,a,,,MID,Brighton,219,,781,219,,,
410,Lewis,Rico,Lewis,2,13,50,2.4,13.2,0.6,0,285,a,,,DEF,Man City,220,,780,220,,,
411,O‚ÄôReilly,Nico,O'Reilly,2,13,50,3.4,6.2,0.2,0,118,a,,,DEF,Man City,221,,779,221,,,
412,Vitor Reis,Vitor,de Oliveira Nunes dos Reis,2,13,50,1,0.2,0.1,0,4,a,,,DEF,Man City,222,,778,222,,,
181,Kostoulas,Charalampos,Kostoulas,4,6,50,0,0,0.8,0,0,a,,,FWD,Brighton,223,,777,223,,,
220,S√°nchez,Robert,Lynch S√°nchez,1,7,50,3.9,25.2,14.1,0,470,a,,,GKP,Chelsea,224,,776,224,,,
226,Chalobah,Trevoh,Chalobah,2,7,50,3.7,18.6,0.7,0,379,a,,,DEF,Chelsea,225,,775,225,,,
227,Colwill,Levi,Samuels Colwill,2,7,50,3.1,21.8,5.2,0,461,a,,,DEF,Chelsea,226,,774,226,,,
228,Gusto,Malo,Gusto,2,7,50,1.9,12,2.4,0,285,a,,,DEF,Chelsea,227,,773,227,,,
166,Ayari,Yasin,Ayari,3,6,50,2.2,14.8,0.2,0,358,a,,,MID,Brighton,228,,772,228,,,
167,Baleba,Carlos,Baleba,3,6,50,2.6,17.4,4.6,0,490,a,,,MID,Brighton,229,,771,229,,,
168,Buonanotte,Facundo,Buonanotte,3,6,50,2.4,15,0.3,0,299,a,,,MID,Brighton,230,,770,230,,,
126,Jensen,Mathias,Jensen,3,5,50,1.6,7.6,0.1,0,179,a,,,MID,Brentford,231,,769,231,,,
127,Nunes,Gustavo,Nunes Fernandes Gomes,3,5,50,1,0.6,0.1,0,11,a,,,MID,Brentford,232,,768,232,,,
128,Onyeka,Frank,Onyeka,3,5,50,1,0.4,0.1,0,3,a,,,MID,Brentford,233,,767,233,,,
129,Yarmoliuk,Yehor,Yarmoliuk,3,5,50,1.4,8.6,0.1,0,255,a,,,MID,Brentford,234,,766,234,,,
242,Dewsbury-Hall,Kiernan,Dewsbury-Hall,3,7,50,1.4,3.6,0.1,0,71,a,,,MID,Chelsea,235,,765,235,,,
243,George,Tyrique,George,3,7,50,2.1,3.4,0.1,0,55,a,,,MID,Chelsea,236,,764,236,,,
244,Lavia,Rom√©o,Lavia,3,7,50,1.6,5.2,0.1,0,125,a,,,MID,Chelsea,237,,763,237,,,
245,Mudryk,Mykhailo,Mudryk,3,7,50,1,1.4,0,0,26,s,0,Suspended - unknown return date,MID,Chelsea,238,,762,238,,,
253,Henderson,Dean,Henderson,1,8,50,3.6,27,3.2,0,466,a,,,GKP,Crystal Palace,239,,761,239,,,
257,Lacroix,Maxence,Lacroix,2,8,50,3.3,22.8,0.9,0,463,a,,,DEF,Crystal Palace,240,,760,240,,,
258,Mitchell,Tyrick,Mitchell,2,8,50,3.3,24.6,0.9,0,455,a,,,DEF,Crystal Palace,241,,759,241,,,
259,Sosa,Borna,Sosa,2,8,50,0,0,0.1,0,0,a,,,DEF,Crystal Palace,242,,758,242,,,
431,Bayindir,Altay,Bayƒ±ndƒ±r,1,14,50,2,1.6,0.5,0,22,a,,,GKP,Man Utd,243,,757,243,,,
432,Onana,Andr√©,Onana,1,14,50,3.5,24,0.1,0,443,d,50,Hamstring injury - 50% chance of playing,GKP,Man Utd,244,,756,244,,,
590,Bryan,Bryan,Gil Salvatierra,3,18,50,0,0,0.1,0,0,a,,,MID,Spurs,245,,755,245,,,
591,Gray,Archie,Gray,3,18,50,1.6,9,0.2,0,253,a,,,MID,Spurs,246,,754,246,,,
592,Moore,Mikey,Moore,3,18,50,1.9,3.8,0.1,0,51,a,,,MID,Spurs,247,,753,247,,,
593,P.M.Sarr,Pape Matar,Sarr,3,18,50,2,14.2,0.9,0,365,a,,,MID,Spurs,248,,752,248,,,
123,Carvalho,F√°bio,Freitas Gouveia Carvalho,3,5,50,1.8,7,0.4,0,127,a,,,MID,Brentford,249,,751,249,,,
124,Henderson,Jordan,Henderson,3,5,50,0,0,0.5,0,0,a,,,MID,Brentford,250,,750,250,,,
125,Janelt,Vitaly,Janelt,3,5,50,2.3,14.6,0.2,0,384,a,,,MID,Brentford,251,,749,251,,,
391,Doak,Ben,Doak,3,12,50,0,0,0.1,0,0,a,,,MID,Liverpool,252,,748,252,,,
392,Endo,Endo,Wataru,3,12,50,1.1,4.2,0.1,0,82,a,,,MID,Liverpool,253,,747,253,,,
182,Trafford,James,Trafford,1,13,50,0,0,4,0,0,a,,,GKP,Man City,254,,746,254,,,
400,Ortega Moreno,Stefan,Ortega Moreno,1,13,50,2.7,7,0.5,0,144,a,,,GKP,Man City,255,,745,255,,,
375,Bradley,Conor,Bradley,2,12,50,2.2,8.2,0.7,0,160,a,,,DEF,Liverpool,256,,744,256,,,
272,Lerma,Jefferson,Lerma Sol√≠s,3,8,50,1.8,11.6,0.1,0,326,a,,,MID,Crystal Palace,257,,743,257,,,
273,Wharton,Adam,Wharton,3,8,50,2.1,8.4,0.6,0,244,a,,,MID,Crystal Palace,258,,742,258,,,
668,Xhaka,Granit,Xhaka,3,17,50,0,0,0.1,0,0,a,,,MID,Sunderland,259,,741,259,,,
565,Vicario,Guglielmo,Vicario,1,18,50,2.8,13.2,3.3,0,293,a,,,GKP,Spurs,260,,740,260,,,
106,Collins,Nathan,Collins,2,5,50,3.3,25.4,1.5,0,549,a,,,DEF,Brentford,261,,739,261,,,
107,Lewis-Potter,Keane,Lewis-Potter,2,5,50,2.5,18.8,0.4,0,460,a,,,DEF,Brentford,262,,738,262,,,
85,Adams,Tyler,Adams,3,4,50,2.1,11.6,0.2,0,315,a,,,MID,Bournemouth,263,,737,263,,,
86,Brooks,David,Brooks,3,4,50,1.8,10.4,0.1,0,204,a,,,MID,Bournemouth,264,,736,264,,,
428,Nypan,Sverre,Nypan,3,13,50,0,0,0.1,0,0,a,,,MID,Man City,265,,735,265,,,
429,Phillips,Kalvin,Phillips,3,13,50,1.4,5.4,0.1,0,167,a,,,MID,Man City,266,,734,266,,,
89,Philip,Philip,Billing,3,4,50,1,2,0.1,0,52,a,,,MID,Bournemouth,267,,733,267,,,
90,Scott,Alex,Scott,3,4,50,1.3,5.2,0.1,0,132,a,,,MID,Bournemouth,268,,732,268,,,
91,Sinisterra,Luis,Sinisterra Lucum√≠,3,4,50,1.9,4.6,0.2,0,90,a,,,MID,Bournemouth,269,,731,269,,,
546,Aleksiƒá,Milan,Aleksiƒá,3,17,50,0,0,0.1,0,0,a,,,MID,Sunderland,270,,730,270,,,
547,E.Le F√©e,Enzo,Le F√©e,3,17,50,0,0,1.5,0,0,a,,,MID,Sunderland,271,,729,271,,,
436,De Ligt,Matthijs,de Ligt,2,14,50,2.3,13.6,0.9,0,312,a,,,DEF,Man Utd,272,,728,272,,,
437,Martinez,Lisandro,Mart√≠nez,2,14,50,3.4,13.6,0.6,0,293,a,,,DEF,Man Utd,273,,727,273,,,
438,Mazraoui,Noussair,Mazraoui,2,14,50,2.4,17.6,1.1,0,410,a,,,DEF,Man Utd,274,,726,274,,,
569,Romero,Cristian,Romero,2,18,50,2.7,9.8,1.5,0,245,a,,,DEF,Spurs,275,,725,275,,,
376,Gomez,Joe,Gomez,2,12,50,1.6,2.8,0.2,0,83,a,,,DEF,Liverpool,276,,724,276,,,
377,Tsimikas,Konstantinos,Tsimikas,2,12,50,2.4,8.6,0.1,0,217,a,,,DEF,Liverpool,277,,723,277,,,
363,Bamford,Patrick,Bamford,4,11,50,0,0,3.3,0,0,a,,,FWD,Leeds,278,,722,278,,,
364,Mateo Joseph,Mateo,Joseph Fern√°ndez-Regatillo,4,11,50,0,0,0.3,0,0,a,,,FWD,Leeds,279,,721,279,,,
365,Nmecha,Lukas,Nmecha,4,11,50,0,0,0.9,0,0,a,,,FWD,Leeds,280,,720,280,,,
476,Burn,Dan,Burn,2,15,50,3.1,23,3.1,0,476,a,,,DEF,Newcastle,281,,719,281,,,
477,Livramento,Tino,Livramento,2,15,50,2.8,21,4.8,0,476,a,,,DEF,Newcastle,282,,718,282,,,
478,Trippier,Kieran,Trippier,2,15,50,2.9,14.4,1.4,0,287,a,,,DEF,Newcastle,283,,717,283,,,
458,Mainoo,Kobbie,Mainoo,3,14,50,1.7,8.4,1,0,229,a,,,MID,Man Utd,284,,716,284,,,
459,Ugarte,Manuel,Ugarte Ribeiro,3,14,50,1.7,9.8,0.2,0,318,a,,,MID,Man Utd,285,,715,285,,,
87,Christie,Ryan,Christie,3,4,50,2.6,15.2,0.6,0,435,a,,,MID,Bournemouth,286,,714,286,,,
88,Cook,Lewis,Cook,3,4,50,2.3,16.4,0,0,500,s,0,Suspended until 30 Aug,MID,Bournemouth,287,,713,287,,,
285,√âdouard,Odsonne,√âdouard,4,8,50,1.2,1.4,1,0,14,a,,,FWD,Crystal Palace,288,,712,288,,,
292,Mykolenko,Vitalii,Mykolenko,2,9,50,3.5,24.2,4.9,0,467,a,,,DEF,Everton,289,,711,289,,,
293,O'Brien,Jake,O'Brien,2,9,50,3.2,13,0.4,0,233,a,,,DEF,Everton,290,,710,290,,,
268,Doucour√©,Cheick,Doucour√©,3,8,50,1.5,3.8,0,0,71,i,0,Knee injury - Unknown return date,MID,Crystal Palace,291,,709,291,,,
269,Esse,Romain,Esse,3,8,50,3.1,4.4,0.3,0,72,a,,,MID,Crystal Palace,292,,708,292,,,
270,Hughes,Will,Hughes,3,8,50,2,13.4,0.1,0,278,a,,,MID,Crystal Palace,293,,707,293,,,
271,Kamada,Daichi,Kamada,3,8,50,1.3,9,0.1,0,246,a,,,MID,Crystal Palace,294,,706,294,,,
303,Garner,James,Garner,3,9,50,2,8.4,0.1,0,244,a,,,MID,Everton,295,,705,295,,,
304,Iroegbunam,Tim,Iroegbunam,3,9,50,1.2,4.4,0.1,0,82,a,,,MID,Everton,296,,704,296,,,
312,Y.Chermiti,Youssef,Ramalho Chermiti,4,9,50,0.8,0.6,0.2,0,9,a,,,FWD,Everton,297,,703,297,,,
493,Longstaff,Sean,Longstaff,3,11,50,1.4,6.8,0.4,0,131,a,,,MID,Leeds,298,,702,298,,,
660,Stach,Anton,Stach,3,11,50,0,0,0.1,0,0,a,,,MID,Leeds,299,,701,299,,,
548,Mundle,Romaine,Mundle,3,17,50,0,0,0.1,0,0,a,,,MID,Sunderland,300,,700,300,,,
549,Neil,Dan,Neil,3,17,50,0,0,0.1,0,0,a,,,MID,Sunderland,301,,699,301,,,
550,Poveda,Ian,Poveda-Ocampo,3,17,50,0,0,0.1,0,0,a,,,MID,Sunderland,302,,698,302,,,
551,Rigg,Chris,Rigg,3,17,50,0,0,0.1,0,0,a,,,MID,Sunderland,303,,697,303,,,
552,Sadiki,Noah,Sadiki,3,17,50,0,0,0.1,0,0,a,,,MID,Sunderland,304,,696,304,,,
206,Edwards,Marcus,Edwards,3,3,50,0,0,0.3,0,0,a,,,MID,Burnley,305,,695,305,,,
207,Hannibal,Hannibal,Mejbri,3,3,50,0,0,0.2,0,0,a,,,MID,Burnley,306,,694,306,,,
208,Koleosho,Luca,Koleosho,3,3,50,0,0,0.1,0,0,a,,,MID,Burnley,307,,693,307,,,
209,Laurent,Josh,Laurent,3,3,50,0,0,0.1,0,0,a,,,MID,Burnley,308,,692,308,,,
210,Tchaouna,Loum,Tchaouna,3,3,50,0,0,0.1,0,0,a,,,MID,Burnley,309,,691,309,,,
216,Amdouni,Zeki,Amdouni,4,3,50,0,0,0.5,0,0,a,,,FWD,Burnley,310,,690,310,,,
217,Foster,Lyle,Foster,4,3,50,0,0,0.4,0,0,a,,,FWD,Burnley,311,,689,311,,,
71,Zabarnyi,Illia,Zabarnyi,2,4,50,2.6,18.8,0.6,0,429,a,,,DEF,Bournemouth,312,,688,312,,,
469,Pope,Nick,Pope,1,15,50,3.6,20.4,4,0,384,a,,,GKP,Newcastle,313,,687,313,,,
475,Botman,Sven,Botman,2,15,50,2.2,3.6,0.5,0,95,a,,,DEF,Newcastle,314,,686,314,,,
553,Talbi,Chemsdine,Talbi,3,17,50,0,0,0.2,0,0,a,,,MID,Sunderland,315,,685,315,,,
314,Leno,Bernd,Leno,1,10,50,3,23,1.6,0,475,a,,,GKP,Fulham,316,,684,316,,,
316,Robinson,Antonee,Robinson,2,10,50,2.9,21.2,6.8,0,507,a,,,DEF,Fulham,317,,683,317,,,
357,Ramazani,Largie,Ramazani,3,11,50,0,0,0.1,0,0,a,,,MID,Leeds,318,,682,318,,,
358,Tanaka,Tanaka,Ao,3,11,50,0,0,0.5,0,0,a,,,MID,Leeds,319,,681,319,,,
330,Berge,Sander,Berge,3,10,50,1.7,10.6,0.1,0,334,a,,,MID,Fulham,320,,680,320,,,
331,Cairney,Tom,Cairney,3,10,50,1.3,6.6,0.1,0,192,a,,,MID,Fulham,321,,679,321,,,
332,Lukiƒá,Sa≈°a,Lukiƒá,3,10,50,1.9,11.2,0.1,0,354,a,,,MID,Fulham,322,,678,322,,,
494,Willock,Joe,Willock,3,15,50,1.4,9.2,0.2,0,139,a,,,MID,Newcastle,323,,677,323,,,
203,Boateng,Enock,Agyei,3,3,50,0,0,0.1,0,0,a,,,MID,Burnley,324,,676,324,,,
204,Churlinov,Darko,Churlinov,3,3,50,0,0,0.1,0,0,a,,,MID,Burnley,325,,675,325,,,
205,Cullen,Josh,Cullen,3,3,50,0,0,0.1,0,0,a,,,MID,Burnley,326,,674,326,,,
616,√Ålvarez,Edson,√Ålvarez Vel√°zquez,3,19,50,1.4,8,0.2,0,221,a,,,MID,West Ham,327,,673,327,,,
617,Cornet,Maxwel,Cornet,3,19,50,0.5,0.2,0.1,0,12,a,,,MID,West Ham,328,,672,328,,,
618,G.Rodriguez,Guido,Rodr√≠guez,3,19,50,1.6,7.2,0.1,0,193,a,,,MID,West Ham,329,,671,329,,,
619,L.Guilherme,Luis Guilherme,Lira dos Santos,3,19,50,1,2.4,0.1,0,47,a,,,MID,West Ham,330,,670,330,,,
57,Dobbin,Lewis,Dobbin,3,2,50,0,0,0.1,0,0,a,,,MID,Aston Villa,331,,669,331,,,
58,Kamara,Boubacar,Kamara,3,2,50,2.2,11.4,0.2,0,296,a,,,MID,Aston Villa,332,,668,332,,,
59,Onana,Amadou,Onana,3,2,50,2.5,13,1.8,0,324,a,,,MID,Aston Villa,333,,667,333,,,
492,Anto√±ito C.,Anto√±ito,Cordero Campillo,3,15,50,0,0,0.1,0,0,a,,,MID,Newcastle,334,,666,334,,,
519,Dominguez,Nicol√°s,Dom√≠nguez,3,16,50,1.6,10.8,0,0,292,i,0,Knee injury - Expected back 04 Oct,MID,Nott'm Forest,335,,665,335,,,
520,O'Brien,Lewis,O'Brien,3,16,50,0,0,0,0,0,u,0,Has joined Wrexham permanently.,MID,Nott'm Forest,336,,664,336,,,
521,Sangar√©,Ibrahim,Sangar√©,3,16,50,1.5,4,0.1,0,107,a,,,MID,Nott'm Forest,337,,663,337,,,
522,Yates,Ryan,Yates,3,16,50,1.9,13.4,0.2,0,306,a,,,MID,Nott'm Forest,338,,662,338,,,
55,Barkley,Ross,Barkley,3,2,50,2.2,8.8,0.3,0,166,a,,,MID,Aston Villa,339,,661,339,,,
56,Barrenechea,Enzo,Barrenechea,3,2,50,0,0,0,0,0,u,0,Season-long loan to Benfica,MID,Aston Villa,340,,660,340,,,
27,Nelson,Reiss,Nelson,3,1,50,2.2,5.4,0.2,0,143,a,,,MID,Arsenal,341,,659,341,,,
354,Ampadu,Ethan,Ampadu,3,11,50,0,0,0.2,0,0,a,,,MID,Leeds,342,,658,342,,,
355,Greenwood,Sam,Greenwood,3,11,50,0,0,0.2,0,0,a,,,MID,Leeds,343,,657,343,,,
356,Gruev,Ilia,Gruev,3,11,50,0,0,0.1,0,0,a,,,MID,Leeds,344,,656,344,,,
12,Zinchenko,Oleksandr,Zinchenko,2,1,50,2.7,8,0.3,0,141,a,,,DEF,Arsenal,345,,655,345,,,
655,F√°bio Silva,F√°bio,Soares Silva,4,20,50,0,0,0.7,0,0,a,,,FWD,Wolves,346,,654,346,,,
649,B.Traore,Boubacar,Traor√©,3,20,50,1,0.2,0,0,3,u,0,Has joined FC Metz on loan for the rest of the season.,MID,Wolves,347,,653,347,,,
2,Arrizabalaga,Kepa,Arrizabalaga Revuelta,1,1,45,3.4,23.6,1,0,406,a,,,GKP,Arsenal,348,,652,348,,,
658,Fraser,Nathan,Fraser,4,20,45,0,0,2.8,0,0,a,,,FWD,Wolves,349,,651,349,,,
657,Chiwome,Leon,Chiwome,4,20,45,0,0,0.1,0,0,i,0,Knee injury - Unknown return date,FWD,Wolves,350,,650,350,,,
637,Toti,Toti,Gomes,2,20,45,2.5,17.6,0.2,0,370,a,,,DEF,Wolves,351,,649,351,,,
636,S.Bueno,Santiago,Ignacio Bueno,2,20,45,1.8,11.6,0.1,0,174,a,,,DEF,Wolves,352,,648,352,,,
635,R.Gomes,Rodrigo,Martins Gomes,2,20,45,1.7,9.3,0.1,0,183,a,,,DEF,Wolves,353,,647,353,,,
634,Mosquera,Yerson,Mosquera Valdelamar,2,20,45,0.6,0.7,0.1,0,24,a,,,DEF,Wolves,354,,646,354,,,
633,H.Bueno,Hugo,Bueno L√≥pez,2,20,45,0,0,0.1,0,0,a,,,DEF,Wolves,355,,645,355,,,
632,Doherty,Matt,Doherty,2,20,45,2.5,16.7,0.2,0,307,a,,,DEF,Wolves,356,,644,356,,,
563,Lu√≠s Hemir,Lu√≠s Hemir,Silva Semedo,4,17,45,0,0,0.3,0,0,a,,,FWD,Sunderland,357,,643,357,,,
562,Abdullahi,Ahmed,Abdullahi,4,17,45,0,0,1.2,0,0,a,,,FWD,Sunderland,358,,642,358,,,
559,Triantis,Nectarios,Triantis,3,17,45,0,0,0.1,0,0,a,,,MID,Sunderland,359,,641,359,,,
558,Matete,Jay,Matete,3,17,45,0,0,0.3,0,0,a,,,MID,Sunderland,360,,640,360,,,
557,H.Jones,Harrison,Jones,3,17,45,0,0,0.1,0,0,a,,,MID,Sunderland,361,,639,361,,,
556,Ekwah,Pierre,Ekwah Elimby,3,17,45,0,0,0.1,0,0,a,,,MID,Sunderland,362,,638,362,,,
555,Browne,Alan,Browne,3,17,45,0,0,0.1,0,0,a,,,MID,Sunderland,363,,637,363,,,
343,Struijk,Pascal,Struijk,2,11,45,0,0,0.5,0,0,a,,,DEF,Leeds,364,,636,364,,,
342,Bogle,Jayden,Bogle,2,11,45,0,0,0.9,0,0,a,,,DEF,Leeds,365,,635,365,,,
339,Meslier,Illan,Meslier,1,11,45,0,0,1.3,0,0,a,,,GKP,Leeds,366,,634,366,,,
336,Reed,Harrison,Reed,3,10,45,0.8,2.2,0.3,0,36,a,,,MID,Fulham,367,,633,367,,,
335,King,Josh,King,3,10,45,1.2,2.2,0.3,0,30,a,,,MID,Fulham,368,,632,368,,,
334,Harris,Luke,Harris,3,10,45,0,0,0.1,0,0,u,0,Has joined Oxford United on loan for the rest of the season.,MID,Fulham,369,,631,369,,,
333,Godo,Martial,Godo,3,10,45,1,0.4,0.1,0,4,a,,,MID,Fulham,370,,630,370,,,
360,Gelhardt,Joe,Gelhardt,3,11,45,0,0,0.4,0,0,a,,,MID,Leeds,371,,629,371,,,
359,Crew,Charlie,Crew,3,11,45,0,0,0.1,0,0,a,,,MID,Leeds,372,,628,372,,,
322,Tete,Kenny,Tete,2,10,45,2.2,10.9,0.2,0,207,a,,,DEF,Fulham,373,,627,373,,,
321,J.Cuenca,Jorge,Cuenca Barreno,2,10,45,1.1,2,0.1,0,38,a,,,DEF,Fulham,374,,626,374,,,
320,Diop,Issa,Diop,2,10,45,1.5,6.9,0.1,0,146,a,,,DEF,Fulham,375,,625,375,,,
319,Castagne,Timothy,Castagne,2,10,45,1.9,10.2,0.2,0,205,a,,,DEF,Fulham,376,,624,376,,,
318,Bassey,Calvin,Bassey,2,10,45,2.1,16.7,0.4,0,390,a,,,DEF,Fulham,377,,623,377,,,
317,Andersen,Joachim,Andersen,2,10,45,1.7,11.3,0.6,0,306,a,,,DEF,Fulham,378,,622,378,,,
554,Ba,Abdoullah,Ba,3,17,45,0,0,0.4,0,0,a,,,MID,Sunderland,379,,621,379,,,
367,Mamardashvili,Giorgi,Mamardashvili,1,12,45,0,0,0.6,0,0,a,,,GKP,Liverpool,380,,620,380,,,
665,Perri,Lucas Estella,Perri,1,11,45,0,0,0.2,0,0,a,,,GKP,Leeds,381,,619,381,,,
667,Aznou,Adam,Aznou,2,9,45,0,0,0,0,0,a,,,DEF,Everton,382,,618,382,,,
313,Sherif,Martin,Sherif,4,9,45,0,0,0.3,0,0,a,,,FWD,Everton,383,,617,383,,,
309,Metcalfe,Jenson,Metcalfe,3,9,45,0,0,0,0,0,u,0,Has joined Bradford City permanently.,MID,Everton,384,,616,384,,,
308,Heath,Isaac,Heath,3,9,45,0,0,0.1,0,0,a,,,MID,Everton,385,,615,385,,,
307,Ebere,Coby,Ebere,3,9,45,0,0,0.1,0,0,a,,,MID,Everton,386,,614,386,,,
306,Bates,Callum,Bates,3,9,45,0,0,0.1,0,0,a,,,MID,Everton,387,,613,387,,,
305,Armstrong,Harrison,Armstrong,3,9,45,0.7,0.4,0.4,0,1,a,,,MID,Everton,388,,612,388,,,
296,Patterson,Nathan,Patterson,2,9,45,1.4,3.1,0.2,0,47,a,,,DEF,Everton,389,,611,389,,,
295,Keane,Michael,Keane,2,9,45,3.4,10.7,0.3,0,139,a,,,DEF,Everton,390,,610,390,,,
294,Coleman,S√©amus,Coleman,2,9,45,1,1.1,0.1,0,17,a,,,DEF,Everton,391,,609,391,,,
288,Travers,Mark,Travers,1,9,45,3.8,4.2,0.2,0,76,a,,,GKP,Everton,392,,608,392,,,
286,Marsh,Zach,Marsh,4,8,45,0,0,0.3,0,0,a,,,FWD,Crystal Palace,393,,607,393,,,
361,Gyabi,Darko,Gyabi,3,11,45,0,0,0.1,0,0,a,,,MID,Leeds,394,,606,394,,,
564,Rusyn,Nazarii,Rusyn,4,17,45,0,0,0.4,0,0,a,,,FWD,Sunderland,395,,605,395,,,
282,Umeh,Franco,Umeh-Chibueze,3,8,45,0,0,0,0,0,a,,,MID,Crystal Palace,396,,604,396,,,
281,Rodney,Kaden,Rodney,3,8,45,0,0,0.1,0,0,a,,,MID,Crystal Palace,397,,603,397,,,
280,Ozoh,David,Ozoh,3,8,45,0,0,0,0,0,u,0,Has joined Derby County on loan for the rest of the season.,MID,Crystal Palace,398,,602,398,,,
279,M.Fran√ßa,Matheus,Fran√ßa de Oliveira,3,8,45,2.2,2,0.1,0,34,a,,,MID,Crystal Palace,399,,601,399,,,
278,J.Rak-Sakyi,Jesurun,Rak-Sakyi,3,8,45,0,0,0.1,0,0,a,,,MID,Crystal Palace,400,,600,400,,,
277,Ebiowei,Malcolm,Ebiowei,3,8,45,0,0,0.1,0,0,a,,,MID,Crystal Palace,401,,599,401,,,
276,Devenny,Justin,Devenny,3,8,45,1.5,7.6,1.7,0,129,a,,,MID,Crystal Palace,402,,598,402,,,
275,Ahamada,Naouirou,Ahamada,3,8,45,0,0,0.1,0,0,a,,,MID,Crystal Palace,403,,597,403,,,
274,Agbinone,Asher,Agbinone,3,8,45,1,0.4,0.1,0,4,a,,,MID,Crystal Palace,404,,596,404,,,
398,Danns,Jayden,Danns,4,12,45,1,0.2,0.2,0,2,a,,,FWD,Liverpool,405,,595,405,,,
396,Nyoni,Trey,Nyoni,3,12,45,0,0,0.1,0,0,a,,,MID,Liverpool,406,,594,406,,,
395,Morton,Tyler,Morton,3,12,45,0,0,0,0,0,a,,,MID,Liverpool,407,,593,407,,,
394,McConnell,James,McConnell,3,12,45,0,0,0,0,0,a,,,MID,Liverpool,408,,592,408,,,
393,Bajcetic,Stefan,Bajƒçetiƒá Maquieira,3,12,45,0,0,0.1,0,0,a,,,MID,Liverpool,409,,591,409,,,
261,Richards,Chris,Richards,2,8,45,2.8,15.1,0.5,0,249,a,,,DEF,Crystal Palace,410,,590,410,,,
260,Gu√©hi,Marc,Gu√©hi,2,8,45,3.4,25.8,13.7,0,492,a,,,DEF,Crystal Palace,411,,589,411,,,
252,Marc Guiu,Marc,Guiu Paz,4,7,45,1,0.7,0.8,0,11,a,,,FWD,Chelsea,412,,588,412,,,
575,Van de Ven,Micky,van de Ven,2,18,45,2.5,7.1,14.2,0,139,a,,,DEF,Spurs,413,,587,413,,,
574,Udogie,Destiny,Udogie,2,18,45,1.7,9.6,10.6,0,233,a,,,DEF,Spurs,414,,586,414,,,
573,Spence,Djed,Spence,2,18,45,2,11.3,0.4,0,216,a,,,DEF,Spurs,415,,585,415,,,
572,Dragusin,Radu,DrƒÉgu»ôin,2,18,45,1.5,5.3,0,0,96,i,0,Knee injury - Unknown return date,DEF,Spurs,416,,584,416,,,
571,Davies,Ben,Davies,2,18,45,1.6,6.2,0.1,0,154,a,,,DEF,Spurs,417,,583,417,,,
570,Danso,Kevin,Danso,2,18,45,1.6,3.6,0.1,0,104,a,,,DEF,Spurs,418,,582,418,,,
248,Paez,Kendry,P√°ez Andrade,3,7,45,0,0,0.1,0,0,a,,,MID,Chelsea,419,,581,419,,,
247,D.Essugo,D√°rio,Lu√≠s Essugo,3,7,45,0,0,0.1,0,0,a,,,MID,Chelsea,420,,580,420,,,
246,Andrey Santos,Andrey,Nascimento dos Santos,3,7,45,0,0,0.5,0,0,a,,,MID,Chelsea,421,,579,421,,,
232,Tosin,Tosin,Adarabioyo,2,7,45,3.2,15.8,0.4,0,305,a,,,DEF,Chelsea,422,,578,422,,,
231,M.Sarr,Mamadou,Sarr,2,7,45,0,0,0.1,0,0,a,,,DEF,Chelsea,423,,577,423,,,
230,Fofana,Wesley,Fofana,2,7,45,1.9,5.8,0.3,0,162,a,,,DEF,Chelsea,424,,576,424,,,
229,B.Badiashile,Beno√Æt,Badiashile Mukinayi,2,7,45,1.4,1.6,0.1,0,35,a,,,DEF,Chelsea,425,,575,425,,,
221,J√∂rgensen,Filip,J√∂rgensen,1,7,45,3,4,0.2,0,59,a,,,GKP,Chelsea,426,,574,426,,,
152,Veltman,Jo√´l,Veltman,2,6,45,2.8,13.1,0.3,0,249,a,,,DEF,Brighton,427,,573,427,,,
151,Van Hecke,Jan Paul,van Hecke,2,6,45,2.6,19.3,1.2,0,406,a,,,DEF,Brighton,428,,572,428,,,
150,Lamptey,Tariq,Lamptey,2,6,45,2.8,9.3,0.4,0,99,a,,,DEF,Brighton,429,,571,429,,,
149,Igor,Igor Julio,dos Santos de Paulo,2,6,45,1.4,4,0.1,0,113,a,,,DEF,Brighton,430,,570,430,,,
177,Moran,Andrew,Moran,3,6,45,0,0,0.1,0,0,a,,,MID,Brighton,431,,569,431,,,
176,Mazilu,Adrian,Mazilu,3,6,45,0,0,0.1,0,0,a,,,MID,Brighton,432,,568,432,,,
175,Knight,Joe,Knight,3,6,45,0,0,0.1,0,0,a,,,MID,Brighton,433,,567,433,,,
139,Verbruggen,Bart,Verbruggen,1,6,45,2.9,22.9,6.7,0,366,a,,,GKP,Brighton,434,,566,434,,,
138,Steele,Jason,Steele,1,6,45,4.5,2,0.4,0,46,a,,,GKP,Brighton,435,,565,435,,,
137,Morgan,Iwan,Morgan,4,5,45,0,0,0.6,0,0,a,,,FWD,Brentford,436,,564,436,,,
134,Trevitt,Ryan,Trevitt,3,5,45,1,0.2,0.1,0,5,a,,,MID,Brentford,437,,563,437,,,
133,Peart-Harris,Myles,Peart-Harris,3,5,45,0,0,0.1,0,0,a,,,MID,Brentford,438,,562,438,,,
153,Webster,Adam,Webster,2,6,45,2.8,8.7,0.1,0,167,a,,,DEF,Brighton,439,,561,439,,,
148,F.Kadƒ±oƒülu,Ferdi,Kadƒ±oƒülu,2,6,45,3.2,4.2,0.3,0,59,a,,,DEF,Brighton,440,,560,440,,,
147,Estupi√±an,Pervis,Estupi√±√°n Tenorio,2,6,45,2.1,14,0.5,0,313,u,0,Has joined AC Milan permanently,DEF,Brighton,441,,559,441,,,
146,Dunk,Lewis,Dunk,2,6,45,1.8,9.8,1,0,223,a,,,DEF,Brighton,442,,558,442,,,
145,De Cuyper,Maxim,De Cuyper,2,6,45,0,0,9.9,0,0,a,,,DEF,Brighton,443,,557,443,,,
144,Coppola,Diego,Coppola,2,6,45,0,0,0.1,0,0,a,,,DEF,Brighton,444,,556,444,,,
143,Boscagli,Olivier,Boscagli,2,6,45,0,0,0.2,0,0,a,,,DEF,Brighton,445,,555,445,,,
594,Min-hyeok,Yang,Min-hyeok,3,18,45,0,0,0.2,0,0,a,,,MID,Spurs,446,,554,446,,,
113,Van den Berg,Sepp,van den Berg,2,5,45,2,13.8,0.4,0,266,a,,,DEF,Brentford,447,,553,447,,,
112,Roerslev,Mads,Roerslev Rasmussen,2,5,45,1.9,8,0.1,0,125,a,,,DEF,Brentford,448,,552,448,,,
111,Pinnock,Ethan,Pinnock,2,5,45,2.1,10.4,0.3,0,233,a,,,DEF,Brentford,449,,551,449,,,
110,Kayode,Michael,Kayode,2,5,45,2.2,6,0.3,0,115,a,,,DEF,Brentford,450,,550,450,,,
109,Henry,Rico,Henry,2,5,45,0.8,0.9,0.2,0,5,a,,,DEF,Brentford,451,,549,451,,,
108,Ajer,Kristoffer,Ajer,2,5,45,1.6,8.7,0.2,0,120,a,,,DEF,Brentford,452,,548,452,,,
101,Kelleher,Caoimh√≠n,Kelleher,1,5,45,4.5,10,32,0,156,a,,,GKP,Brentford,453,,547,453,,,
100,Kroupi.Jr,Eli Junior,Kroupi,4,4,45,0,0,1.9,0,0,a,,,FWD,Bournemouth,454,,546,454,,,
132,Maghoma,Paris,Maghoma,3,5,45,1,1.8,0.1,0,32,a,,,MID,Brentford,455,,545,455,,,
131,Konak,Yunus Emre,Konak,3,5,45,1,2.2,0.2,0,30,a,,,MID,Brentford,456,,544,456,,,
130,Donovan,Romelle,Donovan,3,5,45,0,0,0.1,0,0,a,,,MID,Brentford,457,,543,457,,,
444,Yoro,Leny,Yoro,2,14,45,1,4.9,1,0,90,a,,,DEF,Man Utd,458,,542,458,,,
443,Shaw,Luke,Shaw,2,14,45,0.7,1.1,0.2,0,38,a,,,DEF,Man Utd,459,,541,459,,,
442,Maguire,Harry,Maguire,2,14,45,1.8,10.7,0.6,0,217,a,,,DEF,Man Utd,460,,540,460,,,
441,Dorgu,Patrick,Dorgu,2,14,45,1.5,4,1.8,0,108,a,,,DEF,Man Utd,461,,539,461,,,
440,Dalot,Diogo,Dalot Teixeira,2,14,45,2.9,21.1,2.7,0,352,a,,,DEF,Man Utd,462,,538,462,,,
439,D.Leon,Diego,Le√≥n Blanco,2,14,45,0,0,0.2,0,0,a,,,DEF,Man Utd,463,,537,463,,,
532,Hume,Trai,Hume,2,17,45,0,0,0.3,0,0,a,,,DEF,Sunderland,464,,536,464,,,
595,Olusesi,Callum,Olusesi,3,18,45,0,0,0.2,0,0,a,,,MID,Spurs,465,,535,465,,,
99,Adu-Adjei,Daniel,Adu-Adjei,4,4,45,0,0,0.5,0,0,a,,,FWD,Bournemouth,466,,534,466,,,
96,Winterburn,Ben,Winterburn,3,4,45,1,0.9,0.1,0,14,a,,,MID,Bournemouth,467,,533,467,,,
95,Silcott-Duberry,Zain,Silcott-Duberry,3,4,45,1,0.2,0.5,0,5,a,,,MID,Bournemouth,468,,532,468,,,
94,Sadi,Dominic,Sadi,3,4,45,0,0,0.1,0,0,a,,,MID,Bournemouth,469,,531,469,,,
93,H.Traor√®,Hamed,Traor√®,3,4,45,0,0,0.3,0,0,a,,,MID,Bournemouth,470,,530,470,,,
92,Faivre,Romain,Faivre,3,4,45,0,0,0.3,0,0,a,,,MID,Bournemouth,471,,529,471,,,
464,Moorhouse,Jack,Moorhouse,3,14,45,0,0,0,0,0,a,,,MID,Man Utd,472,,528,472,,,
463,Kone,S√©kou,Kon√©,3,14,45,0,0,0.1,0,0,a,,,MID,Man Utd,473,,527,473,,,
462,J.Fletcher,Jack,Fletcher,3,14,45,0,0,0.1,0,0,a,,,MID,Man Utd,474,,526,474,,,
461,Fitzgerald,Jayce,Fitzgerald,3,14,45,0,0,0,0,0,a,,,MID,Man Utd,475,,525,475,,,
460,Collyer,Toby,Collyer,3,14,45,1,1.3,0.2,0,40,a,,,MID,Man Utd,476,,524,476,,,
480,Lascelles,Jamaal,Lascelles,2,15,45,0,0,0.1,0,0,a,,,DEF,Newcastle,477,,523,477,,,
479,Krafth,Emil,Krafth,2,15,45,1.4,3.8,0.1,0,55,a,,,DEF,Newcastle,478,,522,478,,,
468,Wheatley,Ethan,Wheatley,4,14,45,0,0,0.2,0,0,a,,,FWD,Man Utd,479,,521,479,,,
467,Obi,Chido,Obi,4,14,45,1,1.6,6,0,21,a,,,FWD,Man Utd,480,,520,480,,,
498,White,Joe,White,3,15,45,0,0,0.2,0,0,u,0,Has joined Leyton Orient on loan for the rest of the season.,MID,Newcastle,481,,519,481,,,
497,L.Miley,Lewis,Miley,3,15,45,1.5,4.7,3.4,0,88,a,,,MID,Newcastle,482,,518,482,,,
496,Kuol,Garang,Kuol,3,15,45,0,0,0.1,0,0,a,,,MID,Newcastle,483,,517,483,,,
495,Hayden,Isaac,Hayden,3,15,45,0,0,0.1,0,0,a,,,MID,Newcastle,484,,516,484,,,
74,Truffert,Adrien,Truffert,2,4,45,0,0,1.8,0,0,a,,,DEF,Bournemouth,485,,515,485,,,
73,Smith,Adam,Smith,2,4,45,2.3,12.7,0.2,0,161,a,,,DEF,Bournemouth,486,,514,486,,,
72,Senesi,Marcos,Senesi Bar√≥n,2,4,45,1.8,6.9,0.7,0,114,a,,,DEF,Bournemouth,487,,513,487,,,
610,Wan-Bissaka,Aaron,Wan-Bissaka,2,19,45,3.3,26.2,32.7,0,496,a,,,DEF,West Ham,488,,512,488,,,
609,Todibo,Jean-Clair,Todibo,2,19,45,2,12,0.2,0,233,a,,,DEF,West Ham,489,,511,489,,,
608,Scarles,Ollie,Scarles,2,19,45,1.9,6.4,0.1,0,98,a,,,DEF,West Ham,490,,510,490,,,
607,N.Aguerd,Nayef,Aguerd,2,19,45,0,0,0.1,0,0,a,,,DEF,West Ham,491,,509,491,,,
606,Mavropanos,Konstantinos,Mavropanos,2,19,45,1.4,10,0.1,0,234,a,,,DEF,West Ham,492,,508,492,,,
605,Kilman,Maximilian,Kilman,2,19,45,2.2,18.2,0.4,0,395,a,,,DEF,West Ham,493,,507,493,,,
604,Emerson,Emerson,Palmieri dos Santos,2,19,45,2.5,16.9,0.2,0,219,a,,,DEF,West Ham,494,,506,494,,,
603,Diouf,El Hadji Malick,Diouf,2,19,45,0,0,0.7,0,0,a,,,DEF,West Ham,495,,505,495,,,
600,Areola,Alphonse,Areola,1,19,45,2.7,15.3,6.3,0,261,a,,,GKP,West Ham,496,,504,496,,,
599,Scarlett,Dane,Scarlett,4,18,45,2,1.3,0.9,0,20,a,,,FWD,Spurs,497,,503,497,,,
598,Lankshear,Will,Lankshear,4,18,45,1,0.7,0.4,0,7,a,,,FWD,Spurs,498,,502,498,,,
219,Obafemi,Michael,Obafemi,4,3,45,0,0,0.9,0,0,a,,,FWD,Burnley,499,,501,499,,,
218,Barnes,Ashley,Barnes,4,3,45,0,0,5.2,0,0,a,,,FWD,Burnley,500,,500,500,,,
214,Tr√©sor,Mike,Tr√©sor Ndayishimiye,3,3,45,0,0,0.1,0,0,a,,,MID,Burnley,501,,499,501,,,
213,Banel,Jaydon,Banel,3,3,45,0,0,0.1,0,0,a,,,MID,Burnley,502,,498,502,,,
212,Adewumi,Oluwaseun,Adewumi,3,3,45,0,0,0.1,0,0,a,,,MID,Burnley,503,,497,503,,,
211,A.Ramsey,Aaron,Ramsey,3,3,45,0,0,12.9,0,0,a,,,MID,Burnley,504,,496,504,,,
67,Petroviƒá,ƒêorƒëe,Petroviƒá,1,4,45,0,0,5.3,0,0,a,,,GKP,Bournemouth,505,,495,505,,,
66,Neto,Norberto,Murara Neto,1,4,45,3.5,1.6,1.2,0,30,a,,,GKP,Bournemouth,506,,494,506,,,
531,Ballard,Daniel,Ballard,2,17,45,0,0,0.3,0,0,a,,,DEF,Sunderland,507,,493,507,,,
528,Patterson,Anthony,Patterson,1,17,45,0,0,0.6,0,0,a,,,GKP,Sunderland,508,,492,508,,,
524,Stamenic,Marko,Stameniƒá,3,16,45,0,0,0.1,0,0,a,,,MID,Nott'm Forest,509,,491,509,,,
523,Da Silva Moreira,Eric,da Silva Moreira,3,16,45,1,0.4,0.2,0,9,a,,,MID,Nott'm Forest,510,,490,510,,,
65,Redmond,Z√©piqueno,Redmond,4,2,45,0,0,0.9,0,0,a,,,FWD,Aston Villa,511,,489,511,,,
63,Young,Kadan,Young,3,2,45,0,0,0.6,0,0,a,,,MID,Aston Villa,512,,488,512,,,
62,Jimoh-Aloba,Jamaldeen,Jimoh-Aloba,3,2,45,0,0,0.1,0,0,a,,,MID,Aston Villa,513,,487,513,,,
61,Dendoncker,Leander,Dendoncker,3,2,45,0,0,0.4,0,0,a,,,MID,Aston Villa,514,,486,514,,,
60,Broggio,Ben,Broggio,3,2,45,0,0,0.3,0,0,a,,,MID,Aston Villa,515,,485,515,,,
626,Marshall,Callum,Marshall,4,19,45,0,0,0.9,0,0,a,,,FWD,West Ham,516,,484,516,,,
623,Potts,Freddie,Potts,3,19,45,0,0,0.7,0,0,a,,,MID,West Ham,517,,483,517,,,
622,Orford,Lewis,Orford,3,19,45,1,0.4,0.2,0,13,a,,,MID,West Ham,518,,482,518,,,
621,Irving,Andy,Irving,3,19,45,0.9,2,0.3,0,38,a,,,MID,West Ham,519,,481,519,,,
620,Earthy,George,Earthy,3,19,45,0,0,0.2,0,0,a,,,MID,West Ham,520,,480,520,,,
28,Kabia,Ismeal,Kabia,3,1,45,0,0,0.3,0,0,a,,,MID,Arsenal,521,,479,521,,,
41,Pau,Pau,Torres,2,2,45,2.3,12.2,0.4,0,254,a,,,DEF,Aston Villa,522,,478,522,,,
187,Walker,Kyle,Walker,2,3,45,0.9,2.9,2.4,0,63,a,,,DEF,Burnley,523,,477,523,,,
186,Roberts,Connor,Roberts,2,3,45,0,0,0.1,0,0,a,,,DEF,Burnley,524,,476,524,,,
183,Weiss,Max,Wei√ü,1,3,45,0,0,0.2,0,0,a,,,GKP,Burnley,525,,475,525,,,
512,O.Richards,Omar,Richards,2,16,45,0,0,0.1,0,0,a,,,DEF,Nott'm Forest,526,,474,526,,,
511,Morato,Felipe,Rodrigues da Silva,2,16,45,1.4,8,0.1,0,125,a,,,DEF,Nott'm Forest,527,,473,527,,,
510,Jair Cunha,Jair,Paula da Cunha Filho,2,16,45,0,0,0.1,0,0,a,,,DEF,Nott'm Forest,528,,472,528,,,
509,David Carmo,David,Mota Veiga Teixeira do Carmo,2,16,45,0,0,0.1,0,0,a,,,DEF,Nott'm Forest,529,,471,529,,,
631,Agbadou,Emmanuel,Agbadou,2,20,45,2.8,10,0.3,0,223,a,,,DEF,Wolves,530,,470,530,,,
628,Jos√© S√°,Jos√©,Malheiro de S√°,1,20,45,3.2,20.7,2.6,0,305,a,,,GKP,Wolves,531,,469,531,,,
627,Johnstone,Sam,Johnstone,1,20,45,1.7,2.7,0.2,0,42,a,,,GKP,Wolves,532,,468,532,,,
659,Walker-Peters,Kyle,Walker-Peters,2,19,45,0,0,0.4,0,0,a,,,DEF,West Ham,533,,467,533,,,
40,Mings,Tyrone,Mings,2,2,45,3.4,10.4,0.5,0,207,a,,,DEF,Aston Villa,534,,466,534,,,
39,Maatsen,Ian,Maatsen,2,2,45,2,12.7,1,0,204,a,,,DEF,Aston Villa,535,,465,535,,,
38,Konsa,Ezri,Konsa Ngoyo,2,2,45,3,22.9,24.3,0,448,a,,,DEF,Aston Villa,536,,464,536,,,
37,Digne,Lucas,Digne,2,2,45,2.8,19.8,1.6,0,383,a,,,DEF,Aston Villa,537,,463,537,,,
36,Cash,Matty,Cash,2,2,45,2.8,16.9,1.6,0,286,a,,,DEF,Aston Villa,538,,462,538,,,
33,M.Bizot,Marco,Bizot,1,2,45,0,0,0.3,0,0,a,,,GKP,Aston Villa,539,,461,539,,,
29,Sambi,Albert,Sambi Lokonga,3,1,45,0,0,0.2,0,0,a,,,MID,Arsenal,540,,460,540,,,
501,Neave,Sean,Neave,4,15,45,0,0,0.3,0,0,a,,,FWD,Newcastle,541,,459,541,,,
653,Hodge,Joe,Hodge,3,20,45,0,0,0.7,0,0,u,0,Signed by CD Tondela,MID,Wolves,542,,458,542,,,
652,Gonzalez,Enso,Gonz√°lez Medina,3,20,45,0,0,1.1,0,0,a,,,MID,Wolves,543,,457,543,,,
651,Edozie,Tom,Edozie,3,20,45,0,0,0.4,0,0,a,,,MID,Wolves,544,,456,544,,,
650,Chirewa,Tawanda,Chirewa,3,20,45,0,0,0.3,0,0,a,,,MID,Wolves,545,,455,545,,,
13,Clarke,Brayden,Clarke,2,1,40,0,0,0.7,0,0,a,,,DEF,Arsenal,546,,454,546,,,
14,Kacurri,Maldini,Kacurri,2,1,40,0,0,0.3,0,0,a,,,DEF,Arsenal,547,,453,547,,,
15,Nichols,Josh,Nichols,2,1,40,0,0,0.3,0,0,a,,,DEF,Arsenal,548,,452,548,,,
503,C.Miguel,Carlos Miguel,dos Santos Pereira,1,16,40,0,0,0.3,0,0,a,,,GKP,Nott'm Forest,549,,451,549,,,
504,Turner,Matt,Turner,1,16,40,0,0,1.4,0,0,a,,,GKP,Nott'm Forest,550,,450,550,,,
513,Abbott,Zach,Abbott,2,16,40,0,0,0.3,0,0,a,,,DEF,Nott'm Forest,551,,449,551,,,
514,Boly,Willy,Boly,2,16,40,1,1.5,0.6,0,26,a,,,DEF,Nott'm Forest,552,,448,552,,,
529,Moore,Simon,Moore,1,17,40,0,0,0.7,0,0,a,,,GKP,Sunderland,553,,447,553,,,
530,Nna Noukeu,Blondy,Nna Noukeu,1,17,40,0,0,0.3,0,0,a,,,GKP,Sunderland,554,,446,554,,,
483,Pivas,Miodrag,Piva≈°,2,15,40,0,0,0.2,0,0,a,,,DEF,Newcastle,555,,445,555,,,
484,Targett,Matt,Targett,2,15,40,1,0.5,0.5,0,7,a,,,DEF,Newcastle,556,,444,556,,,
470,D√∫bravka,Martin,D√∫bravka,1,15,40,4.4,11,11.3,0,160,a,,,GKP,Newcastle,557,,443,557,,,
471,Gillespie,Mark,Gillespie,1,15,40,0,0,0.1,0,0,a,,,GKP,Newcastle,558,,442,558,,,
472,Odysseas,Odysseas,Vlachodimos,1,15,40,0,0,0.2,0,0,a,,,GKP,Newcastle,559,,441,559,,,
481,A.Murphy,Alex,Murphy,2,15,40,0,0,0.8,0,0,a,,,DEF,Newcastle,560,,440,560,,,
482,Ashby,Harrison,Ashby,2,15,40,0,0,0.2,0,0,a,,,DEF,Newcastle,561,,439,561,,,
533,Alese,Aji,Alese,2,17,40,0,0,0,0,0,i,0,Shoulder injury - Expected back 13 Sep,DEF,Sunderland,562,,438,562,,,
534,Anderson,Joe,Anderson,2,17,40,0,0,0.6,0,0,a,,,DEF,Sunderland,563,,437,563,,,
535,Cirkin,Dennis,Cirkin,2,17,40,0,0,0.4,0,0,i,0,Wrist Injury - Expected back 13 Jul,DEF,Sunderland,564,,436,564,,,
536,Hjelde,Leo Fuhr,Hjelde,2,17,40,0,0,0,0,0,i,0,Achilles injury - Expected back 13 Sep,DEF,Sunderland,565,,435,565,,,
537,Huggins,Niall,Huggins,2,17,40,0,0,0.3,0,0,a,,,DEF,Sunderland,566,,434,566,,,
538,Johnson,Zak,Johnson,2,17,40,0,0,0.3,0,0,a,,,DEF,Sunderland,567,,433,567,,,
539,O'Nien,Luke,O'Nien,2,17,40,0,0,0,0,0,i,0,Shoulder injury - Expected back 13 Sep,DEF,Sunderland,568,,432,568,,,
540,Pembele,Timoth√©e,Pemb√©l√©,2,17,40,0,0,0.3,0,0,a,,,DEF,Sunderland,569,,431,569,,,
541,Reinildo,Reinildo,Mandava,2,17,40,0,0,8.9,0,0,a,,,DEF,Sunderland,570,,430,570,,,
542,Seelt,Jenson,Seelt,2,17,40,0,0,0.4,0,0,a,,,DEF,Sunderland,571,,429,571,,,
435,Mee,Dermot,Mee,1,14,40,0,0,0.1,0,0,a,,,GKP,Man Utd,572,,428,572,,,
445,Amass,Harry,Amass,2,14,40,0.8,1,0.3,0,1,a,,,DEF,Man Utd,573,,427,573,,,
446,Fredricson,Tyler,Fredricson,2,14,40,1,0.5,0.2,0,16,a,,,DEF,Man Utd,574,,426,574,,,
447,Heaven,Ayden,Heaven,2,14,40,2.5,2.5,2.5,0,47,a,,,DEF,Man Utd,575,,425,575,,,
448,Malacia,Tyrell,Malacia,2,14,40,0.7,0.5,0.4,0,2,a,,,DEF,Man Utd,576,,424,576,,,
433,Harrison,Elyh,Harrison,1,14,40,0,0,0.1,0,0,u,0,On loan to Shrewsbury Town,GKP,Man Utd,577,,423,577,,,
434,Heaton,Tom,Heaton,1,14,40,0,0,0.4,0,0,a,,,GKP,Man Utd,578,,422,578,,,
401,Bettinelli,Marcus,Bettinelli,1,13,40,0,0,0.3,0,0,a,,,GKP,Man City,579,,421,579,,,
378,Nallo,Amara,Nallo,2,12,40,0,0,0.2,0,0,a,,,DEF,Liverpool,580,,420,580,,,
379,R.Williams,Rhys,Williams,2,12,40,0,0,0.3,0,0,a,,,DEF,Liverpool,581,,419,581,,,
380,Ramsay,Calvin,Ramsay,2,12,40,0,0,0.2,0,0,a,,,DEF,Liverpool,582,,418,582,,,
368,P√©csi,√Årmin,P√©csi,1,12,40,0,0,0.1,0,0,a,,,GKP,Liverpool,583,,417,583,,,
369,Woodman,Freddie,Woodman,1,12,40,0,0,0.1,0,0,a,,,GKP,Liverpool,584,,416,584,,,
345,Bornauw,Sebastiaan,Bornauw,2,11,40,0,0,0.3,0,0,a,,,DEF,Leeds,585,,415,585,,,
346,Byram,Sam,Byram,2,11,40,0,0,0.4,0,0,a,,,DEF,Leeds,586,,414,586,,,
347,Gudmundsson,Gabriel,Gudmundsson,2,11,40,0,0,1.9,0,0,a,,,DEF,Leeds,587,,413,587,,,
348,Rodon,Joe,Rodon,2,11,40,0,0,1.9,0,0,a,,,DEF,Leeds,588,,412,588,,,
349,Schmidt,Isaac,Schmidt,2,11,40,0,0,0.3,0,0,a,,,DEF,Leeds,589,,411,589,,,
664,Lecomte,Benjamin,Lecomte,1,10,40,0,0,0.4,0,0,a,,,GKP,Fulham,590,,410,590,,,
340,Cairns,Alex,Cairns,1,11,40,0,0,0.4,0,0,a,,,GKP,Leeds,591,,409,591,,,
341,Darlow,Karl,Darlow,1,11,40,0,0,8.4,0,0,a,,,GKP,Leeds,592,,408,592,,,
344,Bijol,Jaka,Bijol,2,11,40,0,0,0.2,0,0,s,0,Suspended until 23 Aug,DEF,Leeds,593,,407,593,,,
315,Benda,Steven,Benda,1,10,40,0,0,0.1,0,0,u,0,Has joined Millwall on loan for the rest of the season.,GKP,Fulham,594,,406,594,,,
323,Amissah,Samuel,Amissah,2,10,40,0,0,0.3,0,0,a,,,DEF,Fulham,595,,405,595,,,
289,Tyrer,Harry,Tyrer,1,9,40,0,0,0.2,0,0,a,,,GKP,Everton,596,,404,596,,,
297,Dixon,Roman,Dixon,2,9,40,0,0,0.3,0,0,a,,,DEF,Everton,597,,403,597,,,
298,Welch,Reece,Welch,2,9,40,0,0,0.2,0,0,a,,,DEF,Everton,598,,402,598,,,
566,Austin,Brandon,Austin,1,18,40,1,0.2,0.3,0,7,a,,,GKP,Spurs,599,,401,599,,,
567,Kinsky,Anton√≠n,Kinsk√Ω,1,18,40,2.8,4.2,6.2,0,86,a,,,GKP,Spurs,600,,400,600,,,
576,Phillips,Ashley,Phillips,2,18,40,0,0,0.3,0,0,u,0,Has joined Stoke City on loan for the rest of the season.,DEF,Spurs,601,,399,601,,,
577,Takai,Takai,K≈çta,2,18,40,0,0,0.4,0,0,a,,,DEF,Spurs,602,,398,602,,,
578,Vuskovic,Luka,Vu≈°koviƒá,2,18,40,0,0,2.9,0,0,a,,,DEF,Spurs,603,,397,603,,,
254,Benitez,Walter,Ben√≠tez,1,8,40,0,0,0.4,0,0,a,,,GKP,Crystal Palace,604,,396,604,,,
255,Matthews,Remi,Matthews,1,8,40,0,0,0.1,0,0,a,,,GKP,Crystal Palace,605,,395,605,,,
262,Chadi Riad,Chadi,Riad Dnanou,2,8,40,1,0.2,0,0,3,i,0,Knee injury - Unknown return date,DEF,Crystal Palace,606,,394,606,,,
263,Clyne,Nathaniel,Clyne,2,8,40,1.4,4.5,0.7,0,48,a,,,DEF,Crystal Palace,607,,393,607,,,
264,Holding,Rob,Holding,2,8,40,0,0,0.3,0,0,a,,,DEF,Crystal Palace,608,,392,608,,,
265,Kporha,Caleb,Kporha,2,8,40,1,0.5,0.2,0,1,a,,,DEF,Crystal Palace,609,,391,609,,,
222,Penders,Mike,Penders,1,7,40,0,0,0.1,0,0,u,0,Has joined RC Strasbourg on loan for the rest of the season.,GKP,Chelsea,610,,390,610,,,
223,Slonina,Gabriel,S≈Çonina,1,7,40,0,0,0.1,0,0,a,,,GKP,Chelsea,611,,389,611,,,
233,Acheampong,Josh,Acheampong,2,7,40,1,1,0.3,0,8,a,,,DEF,Chelsea,612,,388,612,,,
234,Anselmino,Aar√≥n,Anselmino,2,7,40,0,0,0.2,0,0,a,,,DEF,Chelsea,613,,387,613,,,
154,Cashin,Eiran,Cashin,2,6,40,0.5,0.2,0.2,0,-2,u,0,Has joined Birmingham on loan for the rest of the season.,DEF,Brighton,614,,386,614,,,
155,Slater,Jacob,Slater,2,6,40,0,0,0.2,0,0,a,,,DEF,Brighton,615,,385,615,,,
156,Tasker,Charlie,Tasker,2,6,40,0,0,0.2,0,0,a,,,DEF,Brighton,616,,384,616,,,
140,McGill,Tom,McGill,1,6,40,0,0,0.2,0,0,a,,,GKP,Brighton,617,,383,617,,,
141,Rushworth,Carl,Rushworth,1,6,40,0,0,0.1,0,0,u,0,Has joined Coventry City on loan for the rest of the season.,GKP,Brighton,618,,382,618,,,
142,Scherpen,Kjell,Scherpen,1,6,40,0,0,0.1,0,0,u,0,Has joined Union SG permanently,GKP,Brighton,619,,381,619,,,
116,Hickey,Aaron,Hickey,2,5,40,0,0,0.9,0,0,a,,,DEF,Brentford,620,,380,620,,,
117,Ji-soo,Kim,Ji-soo,2,5,40,1,0.8,0.3,0,8,a,,,DEF,Brentford,621,,379,621,,,
118,Meghoma,Jayden,Meghoma,2,5,40,1,0.2,0.2,0,3,a,,,DEF,Brentford,622,,378,622,,,
102,Balcombe,Ellery,Balcombe,1,5,40,0,0,0.3,0,0,a,,,GKP,Brentford,623,,377,623,,,
103,Cox,Matthew,Cox,1,5,40,0,0,0.2,0,0,a,,,GKP,Brentford,624,,376,624,,,
104,Eyestone,Julian,Eyestone,1,5,40,0,0,0.1,0,0,a,,,GKP,Brentford,625,,375,625,,,
105,Valdimarsson,H√°kon Rafn,Valdimarsson,1,5,40,1,0.5,2.3,0,14,a,,,GKP,Brentford,626,,374,626,,,
114,Arthur,Benjamin,Arthur,2,5,40,0,0,0.4,0,0,a,,,DEF,Brentford,627,,373,627,,,
115,Fredrick,Benjamin,Fredrick,2,5,40,0,0,0.3,0,0,a,,,DEF,Brentford,628,,372,628,,,
601,Foderingham,Wes,Foderingham,1,19,40,0,0,1,0,0,a,,,GKP,West Ham,629,,371,629,,,
602,Hegyi,Kriszti√°n,Hegyi,1,19,40,0,0,0.5,0,0,a,,,GKP,West Ham,630,,370,630,,,
68,Dennis,Will,Dennis,1,4,40,0,0,0.7,0,0,a,,,GKP,Bournemouth,631,,369,631,,,
69,McKenna,Callan,McKenna,1,4,40,0,0,0.2,0,0,a,,,GKP,Bournemouth,632,,368,632,,,
70,Paulsen,Alex,Paulsen,1,4,40,0,0,0.2,0,0,a,,,GKP,Bournemouth,633,,367,633,,,
75,Akinmboni,Matai,Akinmboni,2,4,40,0,0,0.4,0,0,a,,,DEF,Bournemouth,634,,366,634,,,
76,Bevan,Owen,Bevan,2,4,40,0,0,0.3,0,0,a,,,DEF,Bournemouth,635,,365,635,,,
77,Hill,James,Hill,2,4,40,1.7,4.2,0.7,0,55,a,,,DEF,Bournemouth,636,,364,636,,,
78,J.Araujo,Juli√°n,Araujo Z√∫√±iga,2,4,40,1,3,1.3,0,20,a,,,DEF,Bournemouth,637,,363,637,,,
79,Mepham,Chris,Mepham,2,4,40,0,0,0.3,0,0,a,,,DEF,Bournemouth,638,,362,638,,,
80,Soler,Julio,Soler Barreto,2,4,40,1,0.8,0.4,0,8,a,,,DEF,Bournemouth,639,,361,639,,,
190,Ekdal,Hjalmar,Ekdal,2,3,40,0,0,0.3,0,0,a,,,DEF,Burnley,640,,360,640,,,
191,Est√®ve,Maxime,Est√®ve,2,3,40,0,0,9.5,0,0,a,,,DEF,Burnley,641,,359,641,,,
192,Hartman,Quilindschy,Hartman,2,3,40,0,0,0.4,0,0,a,,,DEF,Burnley,642,,358,642,,,
193,Humphreys,Bashir,Humphreys,2,3,40,0,0,0.4,0,0,a,,,DEF,Burnley,643,,357,643,,,
194,Jordan,Jordan,Beyer,2,3,40,0,0,0.3,0,0,a,,,DEF,Burnley,644,,356,644,,,
195,Lucas Pires,Lucas,Pires Silva,2,3,40,0,0,0.3,0,0,a,,,DEF,Burnley,645,,355,645,,,
196,Sambo,Shurandy,Sambo,2,3,40,0,0,0.2,0,0,a,,,DEF,Burnley,646,,354,646,,,
197,Sonne,Oliver,Sonne,2,3,40,0,0,0.2,0,0,a,,,DEF,Burnley,647,,353,647,,,
198,Tuanzebe,Axel,Tuanzebe,2,3,40,1.2,6.8,4.1,0,80,a,,,DEF,Burnley,648,,352,648,,,
199,Worrall,Joe,Worrall,2,3,40,0,0,0.2,0,0,a,,,DEF,Burnley,649,,351,649,,,
611,Casey,Kaelan,Casey,2,19,40,1,0.2,0.9,0,3,a,,,DEF,West Ham,650,,350,650,,,
184,Green,Etienne,Green,1,3,40,0,0,0.4,0,0,a,,,GKP,Burnley,651,,349,651,,,
185,Hladk√Ω,V√°clav,Hladk√Ω,1,3,40,0,0,0.4,0,0,a,,,GKP,Burnley,652,,348,652,,,
188,Delcroix,Hannes,Delcroix,2,3,40,0,0,0.5,0,0,a,,,DEF,Burnley,653,,347,653,,,
189,Dodgson,Owen,Dodgson,2,3,40,0,0,0.3,0,0,a,,,DEF,Burnley,654,,346,654,,,
42,A.Garc√≠a,Andr√©s,Garc√≠a,2,2,40,1.1,2,1,0,26,a,,,DEF,Aston Villa,655,,345,655,,,
43,Alex Moreno,√Ålex,Moreno Lopera,2,2,40,2.3,8.5,11.8,0,126,a,,,DEF,Aston Villa,656,,344,656,,,
44,Bogarde,Lamare,Bogarde,2,2,40,0.8,1.5,0.3,0,22,a,,,DEF,Aston Villa,657,,343,657,,,
45,Sousa,Lino,da Cruz Sousa,2,2,40,0,0,0.3,0,0,a,,,DEF,Aston Villa,658,,342,658,,,
46,Yasin,Yasin,√ñzcan,2,2,40,0,0,0.3,0,0,a,,,DEF,Aston Villa,659,,341,659,,,
34,Gauci,Joe,Gauci,1,2,40,0,0,1,0,0,a,,,GKP,Aston Villa,660,,340,660,,,
35,Marschall,Filip,Marschall,1,2,40,0,0,0.3,0,0,u,0,Has joined Stevenage permanently.,GKP,Aston Villa,661,,339,661,,,
629,Bentley,Daniel,Bentley,1,20,40,4.5,2.2,1.1,0,29,a,,,GKP,Wolves,662,,338,662,,,
630,King,Tom,King,1,20,40,1,0.2,3.4,0,3,a,,,GKP,Wolves,663,,337,663,,,
638,Hoever,Ki-Jana,Hoever,2,20,40,0,0,1.1,0,0,a,,,DEF,Wolves,664,,336,664,,,
639,Meupiyou,Bastien,Meupiyou Menadjou,2,20,40,0,0,0.2,0,0,u,0,On loan to FC Alverca,DEF,Wolves,665,,335,665,,,
640,Pedro Lima,Pedro,Cardoso de Lima,2,20,40,0.7,0.5,1.5,0,9,a,,,DEF,Wolves,666,,334,666,,,
641,Pond,Alfie,Pond,2,20,40,1,0.2,2.3,0,3,a,,,DEF,Wolves,667,,333,667,,,
4,Setford,Tommy,Setford,1,1,40,0,0,0.2,0,0,a,,,GKP,Arsenal,668,,332,668,,,
3,Hein,Karl,Hein,1,1,40,0,0,0.6,0,0,a,,,GKP,Arsenal,669,,331,669,,,
